snapshot_date,ticker,category,expiration,option_type,contract_symbol,strike,last_price,bid,ask,change,percent_change,volume,open_interest,implied_vol,in_the_money,underlying_price
2026-07-15,BRK-B,stock,2026-07-17,call,BRKB260717C00300000,300.0,205.76,187.1,190.15,0.0,0.0,2.0,2.0,2.3144573388671867,1,488.3500061035156
2026-07-15,BRK-B,stock,2026-07-17,call,BRKB260717C00310000,310.0,184.04,176.95,180.0,0.0,0.0,,4.0,1.9765626171875001,1,488.3500061035156
2026-07-15,BRK-B,stock,2026-07-17,call,BRKB260717C00320000,320.0,171.74,166.9,170.15,0.0,0.0,1.0,2.0,1.92578162109375,1,488.3500061035156
2026-07-15,BRK-B,stock,2026-07-17,call,BRKB260717C00350000,350.0,147.3,136.95,140.2,0.0,0.0,1.0,2.0,1.6035176074218749,1,488.3500061035156
2026-07-15,BRK-B,stock,2026-07-17,call,BRKB260717C00370000,370.0,125.28,116.95,119.85,0.0,0.0,8.0,9.0,1.140629296875,1,488.3500061035156
2026-07-15,BRK-B,stock,2026-07-17,call,BRKB260717C00385000,385.0,109.9,102.0,105.25,0.0,0.0,1.0,2.0,1.22266013671875,1,488.3500061035156
2026-07-15,BRK-B,stock,2026-07-17,call,BRKB260717C00400000,400.0,97.76,87.05,89.85,0.0,0.0,4.0,58.0,0.9179695703125,1,488.3500061035156
2026-07-15,BRK-B,stock,2026-07-17,call,BRKB260717C00410000,410.0,86.6,77.25,79.65,0.0,0.0,1.0,16.0,0.81445498046875,1,488.3500061035156
2026-07-15,BRK-B,stock,2026-07-17,call,BRKB260717C00415000,415.0,90.55,72.2,74.7,0.0,0.0,1.0,211.0,0.7656273437500001,1,488.3500061035156
2026-07-15,BRK-B,stock,2026-07-17,call,BRKB260717C00420000,420.0,69.54,67.05,69.95,-18.46,-20.977272,1.0,8.0,0.754885263671875,1,488.3500061035156
2026-07-15,BRK-B,stock,2026-07-17,call,BRKB260717C00425000,425.0,71.84,62.2,64.65,0.0,0.0,4.0,148.0,0.6425816992187501,1,488.3500061035156
2026-07-15,BRK-B,stock,2026-07-17,call,BRKB260717C00430000,430.0,73.3,57.6,59.65,0.0,0.0,1.0,10.0,0.7138700488281251,1,488.3500061035156
2026-07-15,BRK-B,stock,2026-07-17,call,BRKB260717C00435000,435.0,57.5,52.6,54.9,0.0,0.0,1.0,159.0,0.7016631396484375,1,488.3500061035156
2026-07-15,BRK-B,stock,2026-07-17,call,BRKB260717C00440000,440.0,54.92,47.65,49.7,0.0,0.0,4.0,27.0,0.6201209863281252,1,488.3500061035156
2026-07-15,BRK-B,stock,2026-07-17,call,BRKB260717C00445000,445.0,48.45,42.65,45.15,0.0,0.0,62.0,67.0,0.62305064453125,1,488.3500061035156
2026-07-15,BRK-B,stock,2026-07-17,call,BRKB260717C00450000,450.0,41.4,37.65,39.7,0.0,0.0,1.0,56.0,0.5073291455078125,1,488.3500061035156
2026-07-15,BRK-B,stock,2026-07-17,call,BRKB260717C00455000,455.0,38.04,32.65,34.95,0.0,0.0,2.0,126.0,0.6550327465820314,1,488.3500061035156
2026-07-15,BRK-B,stock,2026-07-17,call,BRKB260717C00460000,460.0,30.57,27.7,29.75,-6.709999,-17.998924,1.0,90.0,0.5585981640625001,1,488.3500061035156
2026-07-15,BRK-B,stock,2026-07-17,call,BRKB260717C00465000,465.0,23.26,22.7,24.95,-9.539999,-29.085363,3.0,104.0,0.5063525927734375,1,488.3500061035156
2026-07-15,BRK-B,stock,2026-07-17,call,BRKB260717C00470000,470.0,20.56,17.75,19.95,-7.4400005,-26.57143,4.0,281.0,0.4292049267578125,1,488.3500061035156
2026-07-15,BRK-B,stock,2026-07-17,call,BRKB260717C00472500,472.5,26.67,15.25,17.2,0.0,0.0,1.0,1.0,0.3667055517578125,1,488.3500061035156
2026-07-15,BRK-B,stock,2026-07-17,call,BRKB260717C00475000,475.0,14.42,12.8,15.0,-5.58,-27.9,1.0,320.0,0.3532779516601562,1,488.3500061035156
2026-07-15,BRK-B,stock,2026-07-17,call,BRKB260717C00477500,477.5,17.56,10.4,12.45,0.0,0.0,1.0,6.0,0.3073799731445312,1,488.3500061035156
2026-07-15,BRK-B,stock,2026-07-17,call,BRKB260717C00480000,480.0,9.83,8.1,9.9,-5.2700005,-34.900665,42.0,422.0,0.2603833728027344,1,488.3500061035156
2026-07-15,BRK-B,stock,2026-07-17,call,BRKB260717C00482500,482.5,8.52,5.95,7.6,-5.6799994,-39.999996,12.0,13.0,0.22864540893554688,1,488.3500061035156
2026-07-15,BRK-B,stock,2026-07-17,call,BRKB260717C00485000,485.0,4.5,4.15,5.6,-5.55,-55.22388,35.0,480.0,0.2093584924316406,1,488.3500061035156
2026-07-15,BRK-B,stock,2026-07-17,call,BRKB260717C00487500,487.5,2.85,2.82,3.75,-4.1,-58.992805,13.0,28.0,0.18738605590820312,1,488.3500061035156
2026-07-15,BRK-B,stock,2026-07-17,call,BRKB260717C00490000,490.0,1.7,1.7,2.33,-3.45,-66.99029,360.0,4389.0,0.17432466308593753,0,488.3500061035156
2026-07-15,BRK-B,stock,2026-07-17,call,BRKB260717C00492500,492.5,1.1,0.94,1.47,-1.92,-63.57616,136.0,150.0,0.17566742309570313,0,488.3500061035156
2026-07-15,BRK-B,stock,2026-07-17,call,BRKB260717C00495000,495.0,0.65,0.55,0.8,-1.3000001,-66.666664,1124.0,1277.0,0.1706625903320313,0,488.3500061035156
2026-07-15,BRK-B,stock,2026-07-17,call,BRKB260717C00497500,497.5,0.36,0.28,0.48,-0.74,-67.27273,158.0,2299.0,0.17652190673828128,0,488.3500061035156
2026-07-15,BRK-B,stock,2026-07-17,call,BRKB260717C00500000,500.0,0.23,0.17,0.25,-0.41999996,-64.61538,1156.0,6892.0,0.1772543212890625,0,488.3500061035156
2026-07-15,BRK-B,stock,2026-07-17,call,BRKB260717C00505000,505.0,0.09,0.06,0.13,-0.19,-67.85714,264.0,3535.0,0.20508607421874997,0,488.3500061035156
2026-07-15,BRK-B,stock,2026-07-17,call,BRKB260717C00510000,510.0,0.04,0.03,0.1,-0.11000001,-73.333336,346.0,2717.0,0.242195078125,0,488.3500061035156
2026-07-15,BRK-B,stock,2026-07-17,call,BRKB260717C00515000,515.0,0.03,0.01,0.03,-0.020000001,-40.000004,93.0,1565.0,0.24414818359375,0,488.3500061035156
2026-07-15,BRK-B,stock,2026-07-17,call,BRKB260717C00520000,520.0,0.01,0.0,0.02,-0.01,-50.0,27.0,1265.0,0.2695385546875,0,488.3500061035156
2026-07-15,BRK-B,stock,2026-07-17,call,BRKB260717C00525000,525.0,0.01,0.0,0.01,-0.04,-80.00001,25.0,507.0,0.28516339843749994,0,488.3500061035156
2026-07-15,BRK-B,stock,2026-07-17,call,BRKB260717C00530000,530.0,0.01,0.0,0.01,0.0,0.0,2.0,693.0,0.32031929687499994,0,488.3500061035156
2026-07-15,BRK-B,stock,2026-07-17,call,BRKB260717C00535000,535.0,0.01,0.0,0.29,0.0,0.0,1.0,166.0,0.5356491748046875,0,488.3500061035156
2026-07-15,BRK-B,stock,2026-07-17,call,BRKB260717C00540000,540.0,0.01,0.0,1.54,0.0,0.0,11.0,176.0,0.6970245141601563,0,488.3500061035156
2026-07-15,BRK-B,stock,2026-07-17,call,BRKB260717C00545000,545.0,0.07,0.0,0.05,0.0,0.0,2.0,92.0,0.49023947265625006,0,488.3500061035156
2026-07-15,BRK-B,stock,2026-07-17,call,BRKB260717C00550000,550.0,0.01,0.0,0.01,0.0,0.0,1.0,105.0,0.445318046875,0,488.3500061035156
2026-07-15,BRK-B,stock,2026-07-17,call,BRKB260717C00555000,555.0,0.01,0.0,2.13,0.0,0.0,1.0,23.0,0.9003916210937499,0,488.3500061035156
2026-07-15,BRK-B,stock,2026-07-17,call,BRKB260717C00560000,560.0,0.04,0.0,2.13,0.0,0.0,1.0,33.0,0.9487309814453124,0,488.3500061035156
2026-07-15,BRK-B,stock,2026-07-17,call,BRKB260717C00565000,565.0,0.01,0.0,2.13,0.0,0.0,5.0,25.0,0.9960937890625,0,488.3500061035156
2026-07-15,BRK-B,stock,2026-07-17,call,BRKB260717C00570000,570.0,0.06,0.0,2.13,0.0,0.0,18.0,7.0,1.0427293957519534,0,488.3500061035156
2026-07-15,BRK-B,stock,2026-07-17,call,BRKB260717C00575000,575.0,0.36,0.0,0.56,0.0,0.0,,1.0,0.8642591699218749,0,488.3500061035156
2026-07-15,BRK-B,stock,2026-07-17,call,BRKB260717C00580000,580.0,0.04,0.0,2.12,0.0,0.0,1.0,136.0,1.1323285571289063,0,488.3500061035156
2026-07-15,BRK-B,stock,2026-07-17,call,BRKB260717C00585000,585.0,0.09,0.0,0.27,0.0,0.0,8.0,633.0,0.851563984375,0,488.3500061035156
2026-07-15,BRK-B,stock,2026-07-17,call,BRKB260717C00590000,590.0,0.02,0.0,2.13,0.0,0.0,2.0,345.0,1.2211953002929685,0,488.3500061035156
2026-07-15,BRK-B,stock,2026-07-17,call,BRKB260717C00595000,595.0,0.02,0.0,2.13,0.0,0.0,2.0,516.0,1.2641638354492186,0,488.3500061035156
2026-07-15,BRK-B,stock,2026-07-17,call,BRKB260717C00600000,600.0,0.02,0.0,0.23,0.0,0.0,5.0,203.0,0.9355475195312499,0,488.3500061035156
2026-07-15,BRK-B,stock,2026-07-17,put,BRKB260717P00300000,300.0,0.09,0.0,0.05,0.0,0.0,34.0,330.0,1.7968760156249999,0,488.3500061035156
2026-07-15,BRK-B,stock,2026-07-17,put,BRKB260717P00305000,305.0,0.05,0.0,0.2,0.0,0.0,1.0,1.0,1.9921875390625,0,488.3500061035156
2026-07-15,BRK-B,stock,2026-07-17,put,BRKB260717P00310000,310.0,0.05,0.0,0.0,0.0,0.0,2.0,0.0,0.500005,0,488.3500061035156
2026-07-15,BRK-B,stock,2026-07-17,put,BRKB260717P00320000,320.0,0.25,0.0,0.25,0.0,0.0,,1.0,1.8515632421875,0,488.3500061035156
2026-07-15,BRK-B,stock,2026-07-17,put,BRKB260717P00330000,330.0,0.02,0.0,0.25,0.0,0.0,255.0,49.0,1.7265638671875,0,488.3500061035156
2026-07-15,BRK-B,stock,2026-07-17,put,BRKB260717P00335000,335.0,0.03,0.0,0.25,0.0,0.0,1.0,343.0,1.6679704101562502,0,488.3500061035156
2026-07-15,BRK-B,stock,2026-07-17,put,BRKB260717P00340000,340.0,0.05,0.0,0.25,0.0,0.0,1.0,128.0,1.609376953125,0,488.3500061035156
2026-07-15,BRK-B,stock,2026-07-17,put,BRKB260717P00345000,345.0,0.04,0.0,0.25,0.0,0.0,12.0,60.0,1.5507834960937497,0,488.3500061035156
2026-07-15,BRK-B,stock,2026-07-17,put,BRKB260717P00350000,350.0,0.03,0.0,0.05,0.0,0.0,21.0,220.0,1.2656286718749998,0,488.3500061035156
2026-07-15,BRK-B,stock,2026-07-17,put,BRKB260717P00355000,355.0,0.01,0.0,0.25,0.0,0.0,17.0,500.0,1.43359658203125,0,488.3500061035156
2026-07-15,BRK-B,stock,2026-07-17,put,BRKB260717P00360000,360.0,0.01,0.0,0.03,0.0,0.0,3.0,668.0,1.109379453125,0,488.3500061035156
2026-07-15,BRK-B,stock,2026-07-17,put,BRKB260717P00365000,365.0,0.01,0.0,0.01,0.0,0.0,1.0,33.0,0.9687503125,0,488.3500061035156
2026-07-15,BRK-B,stock,2026-07-17,put,BRKB260717P00370000,370.0,0.01,0.0,0.25,0.0,0.0,6.0,158.0,1.2656286718749998,0,488.3500061035156
2026-07-15,BRK-B,stock,2026-07-17,put,BRKB260717P00375000,375.0,0.01,0.0,0.25,0.0,0.0,19.0,343.0,1.2109414453124998,0,488.3500061035156
2026-07-15,BRK-B,stock,2026-07-17,put,BRKB260717P00380000,380.0,0.06,0.0,0.25,0.0,0.0,1.0,446.0,1.15625421875,0,488.3500061035156
2026-07-15,BRK-B,stock,2026-07-17,put,BRKB260717P00385000,385.0,0.06,0.0,0.25,0.0,0.0,7.0,206.0,1.1015669921875002,0,488.3500061035156
2026-07-15,BRK-B,stock,2026-07-17,put,BRKB260717P00390000,390.0,0.04,0.0,0.04,0.0,0.0,2.0,605.0,0.85937640625,0,488.3500061035156
2026-07-15,BRK-B,stock,2026-07-17,put,BRKB260717P00395000,395.0,0.1,0.0,0.25,0.0,0.0,4.0,33.0,0.9960937890625,0,488.3500061035156
2026-07-15,BRK-B,stock,2026-07-17,put,BRKB260717P00400000,400.0,0.01,0.0,0.05,0.0,0.0,17.0,784.0,0.789064609375,0,488.3500061035156
2026-07-15,BRK-B,stock,2026-07-17,put,BRKB260717P00405000,405.0,0.02,0.0,0.04,0.01,100.0,1.0,76.0,0.726565234375,0,488.3500061035156
2026-07-15,BRK-B,stock,2026-07-17,put,BRKB260717P00410000,410.0,0.03,0.0,2.13,0.0,0.0,12.0,76.0,1.189457177734375,0,488.3500061035156
2026-07-15,BRK-B,stock,2026-07-17,put,BRKB260717P00415000,415.0,0.01,0.0,0.28,-0.04,-80.00001,16.0,952.0,0.79883013671875,0,488.3500061035156
2026-07-15,BRK-B,stock,2026-07-17,put,BRKB260717P00420000,420.0,0.05,0.0,0.05,0.0,0.0,7.0,481.0,0.6093789062500001,0,488.3500061035156
2026-07-15,BRK-B,stock,2026-07-17,put,BRKB260717P00425000,425.0,0.02,0.0,0.03,-0.01,-33.333336,28.0,864.0,0.5390671093750001,0,488.3500061035156
2026-07-15,BRK-B,stock,2026-07-17,put,BRKB260717P00430000,430.0,0.01,0.01,0.03,-0.03,-75.0,27.0,1188.0,0.5117236328125,0,488.3500061035156
2026-07-15,BRK-B,stock,2026-07-17,put,BRKB260717P00435000,435.0,0.02,0.01,0.06,-0.02,-50.0,3.0,1266.0,0.500005,0,488.3500061035156
2026-07-15,BRK-B,stock,2026-07-17,put,BRKB260717P00440000,440.0,0.02,0.01,0.06,-0.01,-33.333336,19.0,990.0,0.48438015625,0,488.3500061035156
2026-07-15,BRK-B,stock,2026-07-17,put,BRKB260717P00445000,445.0,0.04,0.02,0.11,0.0,0.0,43.0,620.0,0.47461462890625,0,488.3500061035156
2026-07-15,BRK-B,stock,2026-07-17,put,BRKB260717P00450000,450.0,0.05,0.01,0.08,-0.06,-54.545456,30.0,2035.0,0.4062559375,0,488.3500061035156
2026-07-15,BRK-B,stock,2026-07-17,put,BRKB260717P00455000,455.0,0.05,0.02,0.15,-0.029999997,-37.499996,36.0,861.0,0.393560751953125,0,488.3500061035156
2026-07-15,BRK-B,stock,2026-07-17,put,BRKB260717P00460000,460.0,0.1,0.04,0.1,0.009999998,11.111108,18.0,1946.0,0.32031929687499994,0,488.3500061035156
2026-07-15,BRK-B,stock,2026-07-17,put,BRKB260717P00465000,465.0,0.08,0.06,0.1,0.009999998,14.285711,33.0,787.0,0.270515107421875,0,488.3500061035156
2026-07-15,BRK-B,stock,2026-07-17,put,BRKB260717P00467500,467.5,0.22,0.05,0.16,0.0,0.0,1.0,136.0,0.26563234375,0,488.3500061035156
2026-07-15,BRK-B,stock,2026-07-17,put,BRKB260717P00470000,470.0,0.11,0.1,0.17,-0.040000007,-26.666668,116.0,1145.0,0.2417068017578125,0,488.3500061035156
2026-07-15,BRK-B,stock,2026-07-17,put,BRKB260717P00472500,472.5,0.12,0.06,0.19,-0.13999999,-53.84615,1.0,120.0,0.21875781249999998,0,488.3500061035156
2026-07-15,BRK-B,stock,2026-07-17,put,BRKB260717P00475000,475.0,0.19,0.11,0.23,-0.049999997,-20.833332,54.0,895.0,0.198250205078125,0,488.3500061035156
2026-07-15,BRK-B,stock,2026-07-17,put,BRKB260717P00477500,477.5,0.23,0.14,0.32,0.010000005,4.545457,53.0,269.0,0.18238122314453126,0,488.3500061035156
2026-07-15,BRK-B,stock,2026-07-17,put,BRKB260717P00480000,480.0,0.39,0.22,0.48,0.0,0.0,158.0,975.0,0.1687094848632813,0,488.3500061035156
2026-07-15,BRK-B,stock,2026-07-17,put,BRKB260717P00482500,482.5,0.8,0.43,0.78,0.23000002,40.35088,297.0,369.0,0.15821154296875,0,488.3500061035156
2026-07-15,BRK-B,stock,2026-07-17,put,BRKB260717P00485000,485.0,1.3,0.86,1.34,0.31999993,32.653053,179.0,1225.0,0.15284050292968754,0,488.3500061035156
2026-07-15,BRK-B,stock,2026-07-17,put,BRKB260717P00487500,487.5,2.11,1.6,2.31,0.9499999,81.896545,157.0,282.0,0.1538170556640625,0,488.3500061035156
2026-07-15,BRK-B,stock,2026-07-17,put,BRKB260717P00490000,490.0,3.5,2.72,3.7,1.0999999,45.83333,243.0,866.0,0.15821154296875,1,488.3500061035156
2026-07-15,BRK-B,stock,2026-07-17,put,BRKB260717P00492500,492.5,5.3,4.0,5.65,3.0300002,133.4802,125.0,279.0,0.17762052856445312,1,488.3500061035156
2026-07-15,BRK-B,stock,2026-07-17,put,BRKB260717P00495000,495.0,7.0,5.95,7.9,1.7800002,34.09962,166.0,410.0,0.20533021240234373,1,488.3500061035156
2026-07-15,BRK-B,stock,2026-07-17,put,BRKB260717P00497500,497.5,8.0,8.15,10.3,2.9899998,59.68063,46.0,218.0,0.2381667980957031,1,488.3500061035156
2026-07-15,BRK-B,stock,2026-07-17,put,BRKB260717P00500000,500.0,11.8,10.6,12.75,2.6000004,28.260874,36.0,426.0,0.27173579833984374,1,488.3500061035156
2026-07-15,BRK-B,stock,2026-07-17,put,BRKB260717P00505000,505.0,16.54,15.35,17.65,2.9400005,21.617651,33.0,285.0,0.33228206787109377,1,488.3500061035156
2026-07-15,BRK-B,stock,2026-07-17,put,BRKB260717P00510000,510.0,18.85,20.3,22.6,3.3000002,21.221867,2.0,31.0,0.39160764648437496,1,488.3500061035156
2026-07-15,BRK-B,stock,2026-07-17,put,BRKB260717P00515000,515.0,25.55,25.35,27.6,4.199999,19.672125,3.0,3.0,0.45313046875,1,488.3500061035156
2026-07-15,BRK-B,stock,2026-07-17,put,BRKB260717P00520000,520.0,14.7,30.6,32.6,0.0,0.0,5.0,0.0,0.5119677709960937,1,488.3500061035156
2026-07-15,BRK-B,stock,2026-07-17,put,BRKB260717P00535000,535.0,60.75,46.05,49.45,0.0,0.0,1.0,0.0,0.7009307250976562,1,488.3500061035156
2026-07-15,BRK-B,stock,2026-07-24,call,BRKB260724C00270000,270.0,237.46,217.2,220.35,0.0,0.0,,1.0,1.6025410498046875,1,488.3500061035156
2026-07-15,BRK-B,stock,2026-07-24,call,BRKB260724C00400000,400.0,107.8,87.5,90.4,0.0,0.0,,1.0,0.6518589501953126,1,488.3500061035156
2026-07-15,BRK-B,stock,2026-07-24,call,BRKB260724C00405000,405.0,101.0,82.95,85.0,0.0,0.0,,5.0,0.622074091796875,1,488.3500061035156
2026-07-15,BRK-B,stock,2026-07-24,call,BRKB260724C00415000,415.0,77.14,73.0,75.25,0.0,0.0,,2.0,0.5764202514648438,1,488.3500061035156
2026-07-15,BRK-B,stock,2026-07-24,call,BRKB260724C00420000,420.0,69.39,68.0,70.25,-5.1399994,-6.896551,2.0,11.0,0.5415084912109377,1,488.3500061035156
2026-07-15,BRK-B,stock,2026-07-24,call,BRKB260724C00430000,430.0,54.89,58.05,60.05,0.0,0.0,,1.0,0.5639692041015626,1,488.3500061035156
2026-07-15,BRK-B,stock,2026-07-24,call,BRKB260724C00435000,435.0,59.3,53.05,55.3,0.0,0.0,,1.0,0.543949873046875,1,488.3500061035156
2026-07-15,BRK-B,stock,2026-07-24,call,BRKB260724C00440000,440.0,54.75,48.1,50.1,0.0,0.0,1.0,38.0,0.4888967126464845,1,488.3500061035156
2026-07-15,BRK-B,stock,2026-07-24,call,BRKB260724C00450000,450.0,43.11,38.15,40.5,0.0,0.0,19.0,30.0,0.43457596679687505,1,488.3500061035156
2026-07-15,BRK-B,stock,2026-07-24,call,BRKB260724C00455000,455.0,38.33,33.2,35.5,0.0,0.0,,1.0,0.39258419921875,1,488.3500061035156
2026-07-15,BRK-B,stock,2026-07-24,call,BRKB260724C00460000,460.0,44.9,28.25,30.3,0.0,0.0,4.0,11.0,0.33887379882812496,1,488.3500061035156
2026-07-15,BRK-B,stock,2026-07-24,call,BRKB260724C00465000,465.0,27.11,23.35,25.55,-6.3600006,-19.002092,22.0,46.0,0.3090889404296875,1,488.3500061035156
2026-07-15,BRK-B,stock,2026-07-24,call,BRKB260724C00470000,470.0,36.85,18.6,20.45,0.0,0.0,1.0,47.0,0.25952888916015626,1,488.3500061035156
2026-07-15,BRK-B,stock,2026-07-24,call,BRKB260724C00475000,475.0,14.77,14.05,16.25,-7.279999,-33.01587,5.0,24.0,0.24622335815429688,1,488.3500061035156
2026-07-15,BRK-B,stock,2026-07-24,call,BRKB260724C00477500,477.5,16.65,11.95,13.85,0.0,0.0,,7.0,0.22431195617675775,1,488.3500061035156
2026-07-15,BRK-B,stock,2026-07-24,call,BRKB260724C00480000,480.0,12.4,9.95,11.75,-4.6000004,-27.058825,26.0,58.0,0.2117998742675781,1,488.3500061035156
2026-07-15,BRK-B,stock,2026-07-24,call,BRKB260724C00485000,485.0,7.0,6.55,7.95,-2.5,-26.31579,33.0,55.0,0.1907429559326172,1,488.3500061035156
2026-07-15,BRK-B,stock,2026-07-24,call,BRKB260724C00487500,487.5,5.3,5.2,6.25,-2.48,-31.876606,54.0,6.0,0.1804891522216797,1,488.3500061035156
2026-07-15,BRK-B,stock,2026-07-24,call,BRKB260724C00490000,490.0,4.2,4.0,4.85,-2.4,-36.36364,69.0,143.0,0.17450776672363283,0,488.3500061035156
2026-07-15,BRK-B,stock,2026-07-24,call,BRKB260724C00492500,492.5,3.33,3.0,3.75,-1.7000003,-33.797222,73.0,43.0,0.17231052307128908,0,488.3500061035156
2026-07-15,BRK-B,stock,2026-07-24,call,BRKB260724C00495000,495.0,2.15,2.19,2.77,-1.5999999,-42.666664,154.0,130.0,0.16828224304199224,0,488.3500061035156
2026-07-15,BRK-B,stock,2026-07-24,call,BRKB260724C00497500,497.5,1.68,1.6,2.04,-2.1100001,-55.67283,16.0,52.0,0.16687844848632816,0,488.3500061035156
2026-07-15,BRK-B,stock,2026-07-24,call,BRKB260724C00500000,500.0,1.26,1.03,1.46,-0.8900001,-41.39535,173.0,718.0,0.16547465393066407,0,488.3500061035156
2026-07-15,BRK-B,stock,2026-07-24,call,BRKB260724C00502500,502.5,0.86,0.69,1.04,-1.2099999,-58.454105,17.0,198.0,0.16541361938476565,0,488.3500061035156
2026-07-15,BRK-B,stock,2026-07-24,call,BRKB260724C00505000,505.0,0.61,0.5,0.83,-0.59000003,-49.166668,61.0,248.0,0.1720053503417969,0,488.3500061035156
2026-07-15,BRK-B,stock,2026-07-24,call,BRKB260724C00507500,507.5,0.5,0.32,0.56,-0.55999994,-52.830185,20.0,79.0,0.1706625903320313,0,488.3500061035156
2026-07-15,BRK-B,stock,2026-07-24,call,BRKB260724C00510000,510.0,0.43,0.25,0.43,-0.20999998,-32.812496,118.0,410.0,0.1753012158203125,0,488.3500061035156
2026-07-15,BRK-B,stock,2026-07-24,call,BRKB260724C00512500,512.5,0.27,0.2,0.35,-0.43999997,-61.97183,2.0,42.0,0.1821370849609375,0,488.3500061035156
2026-07-15,BRK-B,stock,2026-07-24,call,BRKB260724C00515000,515.0,0.2,0.12,0.31,-0.14,-41.17647,31.0,560.0,0.19165847412109377,0,488.3500061035156
2026-07-15,BRK-B,stock,2026-07-24,call,BRKB260724C00520000,520.0,0.12,0.1,0.19,-0.089999996,-42.857143,65.0,534.0,0.20069158691406247,0,488.3500061035156
2026-07-15,BRK-B,stock,2026-07-24,call,BRKB260724C00525000,525.0,0.1,0.06,0.15,-0.029999994,-23.076918,23.0,145.0,0.2172929833984375,0,488.3500061035156
2026-07-15,BRK-B,stock,2026-07-24,call,BRKB260724C00530000,530.0,0.07,0.01,0.3,-0.020000003,-22.222223,4.0,116.0,0.2700268310546875,0,488.3500061035156
2026-07-15,BRK-B,stock,2026-07-24,call,BRKB260724C00535000,535.0,0.14,0.0,0.12,0.0,0.0,1.0,5.0,0.25586681640625003,0,488.3500061035156
2026-07-15,BRK-B,stock,2026-07-24,call,BRKB260724C00540000,540.0,0.01,0.0,0.05,-0.02,-66.66667,12.0,55.0,0.24805439453125,0,488.3500061035156
2026-07-15,BRK-B,stock,2026-07-24,call,BRKB260724C00545000,545.0,0.01,0.0,0.09,-0.17,-94.44444,7.0,8.0,0.2880930566406249,0,488.3500061035156
2026-07-15,BRK-B,stock,2026-07-24,call,BRKB260724C00550000,550.0,0.06,0.0,0.1,0.0,0.0,1.0,16.0,0.3129951513671875,0,488.3500061035156
2026-07-15,BRK-B,stock,2026-07-24,call,BRKB260724C00555000,555.0,0.1,0.0,0.1,0.0,0.0,,40.0,0.33350275878906255,0,488.3500061035156
2026-07-15,BRK-B,stock,2026-07-24,call,BRKB260724C00560000,560.0,0.01,0.0,0.09,0.0,0.0,2.0,35.0,0.348639326171875,0,488.3500061035156
2026-07-15,BRK-B,stock,2026-07-24,call,BRKB260724C00565000,565.0,0.01,,0.09,0.0,0.0,,6.0,0.36817038085937503,0,488.3500061035156
2026-07-15,BRK-B,stock,2026-07-24,call,BRKB260724C00575000,575.0,0.05,0.0,2.13,-0.08,-61.538464,1.0,1.0,0.5961954443359375,0,488.3500061035156
2026-07-15,BRK-B,stock,2026-07-24,call,BRKB260724C00620000,620.0,0.03,0.0,2.13,0.0,0.0,1.0,2.0,0.804689453125,0,488.3500061035156
2026-07-15,BRK-B,stock,2026-07-24,call,BRKB260724C00625000,625.0,0.02,0.0,2.13,0.0,0.0,4.0,2.0,0.8261736132812498,0,488.3500061035156
2026-07-15,BRK-B,stock,2026-07-24,call,BRKB260724C00635000,635.0,0.12,0.0,2.13,0.0,0.0,1.0,1.0,0.8684095190429688,0,488.3500061035156
2026-07-15,BRK-B,stock,2026-07-24,call,BRKB260724C00640000,640.0,0.02,0.0,2.13,0.0,0.0,2.0,1.0,0.8889171264648437,0,488.3500061035156
2026-07-15,BRK-B,stock,2026-07-24,call,BRKB260724C00645000,645.0,0.02,0.0,0.01,0.0,0.0,4.0,2.0,0.500005,0,488.3500061035156
2026-07-15,BRK-B,stock,2026-07-24,put,BRKB260724P00270000,270.0,0.05,0.0,0.0,0.0,0.0,2.0,0.0,0.500005,0,488.3500061035156
2026-07-15,BRK-B,stock,2026-07-24,put,BRKB260724P00280000,280.0,0.04,0.0,0.25,0.0,0.0,,1.0,1.3046909765624997,0,488.3500061035156
2026-07-15,BRK-B,stock,2026-07-24,put,BRKB260724P00300000,300.0,0.05,0.0,0.25,0.0,0.0,4.0,2.0,1.154301103515625,0,488.3500061035156
2026-07-15,BRK-B,stock,2026-07-24,put,BRKB260724P00310000,310.0,0.02,0.0,0.25,0.0,0.0,2.0,15.0,1.083988955078125,0,488.3500061035156
2026-07-15,BRK-B,stock,2026-07-24,put,BRKB260724P00320000,320.0,0.02,0.0,0.25,0.0,0.0,4.0,361.0,1.013676806640625,0,488.3500061035156
2026-07-15,BRK-B,stock,2026-07-24,put,BRKB260724P00330000,330.0,0.02,0.0,0.25,0.0,0.0,13.0,1187.0,0.94726615234375,0,488.3500061035156
2026-07-15,BRK-B,stock,2026-07-24,put,BRKB260724P00340000,340.0,0.02,0.0,0.3,0.0,0.0,2.0,798.0,0.9003916210937499,0,488.3500061035156
2026-07-15,BRK-B,stock,2026-07-24,put,BRKB260724P00350000,350.0,0.01,0.0,0.3,0.0,0.0,1.0,694.0,0.8349625878906248,0,488.3500061035156
2026-07-15,BRK-B,stock,2026-07-24,put,BRKB260724P00355000,355.0,0.01,0.0,0.32,0.0,0.0,2.0,617.0,0.8085956640624999,0,488.3500061035156
2026-07-15,BRK-B,stock,2026-07-24,put,BRKB260724P00360000,360.0,0.01,0.0,0.07,0.0,0.0,2.0,630.0,0.6601596484375001,0,488.3500061035156
2026-07-15,BRK-B,stock,2026-07-24,put,BRKB260724P00365000,365.0,0.01,0.0,0.3,0.0,0.0,2.0,308.0,0.7402369726562499,0,488.3500061035156
2026-07-15,BRK-B,stock,2026-07-24,put,BRKB260724P00370000,370.0,0.01,0.0,0.11,0.0,0.0,2.0,236.0,0.632816171875,0,488.3500061035156
2026-07-15,BRK-B,stock,2026-07-24,put,BRKB260724P00375000,375.0,0.04,0.0,0.11,0.0,0.0,78.0,80.0,0.6035195898437502,0,488.3500061035156
2026-07-15,BRK-B,stock,2026-07-24,put,BRKB260724P00380000,380.0,0.05,0.0,0.12,0.0,0.0,1.0,36.0,0.5820354296875,0,488.3500061035156
2026-07-15,BRK-B,stock,2026-07-24,put,BRKB260724P00385000,385.0,0.05,0.0,0.13,0.0,0.0,1.0,15.0,0.5585981640625001,0,488.3500061035156
2026-07-15,BRK-B,stock,2026-07-24,put,BRKB260724P00390000,390.0,0.07,0.0,0.25,0.0,0.0,5.0,43.0,0.5742230078125,0,488.3500061035156
2026-07-15,BRK-B,stock,2026-07-24,put,BRKB260724P00395000,395.0,0.19,0.0,0.15,0.0,0.0,,31.0,0.5136767382812499,0,488.3500061035156
2026-07-15,BRK-B,stock,2026-07-24,put,BRKB260724P00400000,400.0,0.08,0.0,0.95,0.0,0.0,2.0,7.0,0.6264685791015626,0,488.3500061035156
2026-07-15,BRK-B,stock,2026-07-24,put,BRKB260724P00405000,405.0,0.26,0.0,0.18,0.0,0.0,3.0,3.0,0.5117236328125,0,488.3500061035156
2026-07-15,BRK-B,stock,2026-07-24,put,BRKB260724P00410000,410.0,0.07,0.0,0.19,-0.12,-63.157894,1.0,30.0,0.48633326171875,0,488.3500061035156
2026-07-15,BRK-B,stock,2026-07-24,put,BRKB260724P00415000,415.0,0.09,0.0,0.21,-0.019999996,-18.181814,10.0,11.0,0.4633842724609375,0,488.3500061035156
2026-07-15,BRK-B,stock,2026-07-24,put,BRKB260724P00420000,420.0,0.1,0.01,0.2,0.05,100.0,30.0,7.0,0.43066975585937506,0,488.3500061035156
2026-07-15,BRK-B,stock,2026-07-24,put,BRKB260724P00425000,425.0,0.11,0.0,0.21,-0.009999998,-8.333331,5.0,61.0,0.40430283203125,0,488.3500061035156
2026-07-15,BRK-B,stock,2026-07-24,put,BRKB260724P00430000,430.0,0.2,0.0,0.6,0.0,0.0,11.0,24.0,0.4484918432617187,0,488.3500061035156
2026-07-15,BRK-B,stock,2026-07-24,put,BRKB260724P00435000,435.0,0.1,0.0,0.95,0.0,0.0,20.0,27.0,0.45654840332031255,0,488.3500061035156
2026-07-15,BRK-B,stock,2026-07-24,put,BRKB260724P00440000,440.0,0.1,0.0,1.04,-0.46,-82.14286,5.0,6.0,0.4294490649414063,0,488.3500061035156
2026-07-15,BRK-B,stock,2026-07-24,put,BRKB260724P00445000,445.0,0.15,0.0,0.44,0.0,0.0,1.0,89.0,0.3266668896484375,0,488.3500061035156
2026-07-15,BRK-B,stock,2026-07-24,put,BRKB260724P00450000,450.0,0.18,0.06,0.29,0.0,0.0,28.0,37.0,0.2722240747070312,0,488.3500061035156
2026-07-15,BRK-B,stock,2026-07-24,put,BRKB260724P00455000,455.0,0.2,0.09,0.44,-0.019999996,-9.090907,4.0,52.0,0.26197027099609377,0,488.3500061035156
2026-07-15,BRK-B,stock,2026-07-24,put,BRKB260724P00460000,460.0,0.25,0.14,0.34,0.010000005,4.166669,27.0,111.0,0.21704884521484374,0,488.3500061035156
2026-07-15,BRK-B,stock,2026-07-24,put,BRKB260724P00465000,465.0,0.36,0.23,0.45,0.030000001,9.090909,3.0,85.0,0.19678537597656248,0,488.3500061035156
2026-07-15,BRK-B,stock,2026-07-24,put,BRKB260724P00470000,470.0,0.55,0.4,0.67,0.060000002,12.244898,47.0,181.0,0.17993984130859375,0,488.3500061035156
2026-07-15,BRK-B,stock,2026-07-24,put,BRKB260724P00475000,475.0,1.0,0.73,1.09,0.19,23.45679,72.0,237.0,0.1662681030273438,0,488.3500061035156
2026-07-15,BRK-B,stock,2026-07-24,put,BRKB260724P00477500,477.5,1.07,1.02,1.44,0.13000005,13.829793,10.0,70.0,0.1613243048095703,0,488.3500061035156
2026-07-15,BRK-B,stock,2026-07-24,put,BRKB260724P00480000,480.0,1.5,1.35,1.75,0.26999998,21.951218,60.0,296.0,0.15070429382324224,0,488.3500061035156
2026-07-15,BRK-B,stock,2026-07-24,put,BRKB260724P00482500,482.5,2.15,1.9,2.55,0.48000014,28.742525,46.0,76.0,0.15393912475585939,0,488.3500061035156
2026-07-15,BRK-B,stock,2026-07-24,put,BRKB260724P00485000,485.0,3.35,2.61,3.45,0.81999993,32.411064,95.0,236.0,0.15393912475585939,0,488.3500061035156
2026-07-15,BRK-B,stock,2026-07-24,put,BRKB260724P00487500,487.5,4.5,3.55,4.5,2.16,92.3077,35.0,76.0,0.15253533020019533,0,488.3500061035156
2026-07-15,BRK-B,stock,2026-07-24,put,BRKB260724P00490000,490.0,5.6,4.65,5.7,1.5999999,39.999996,53.0,230.0,0.14954463745117189,1,488.3500061035156
2026-07-15,BRK-B,stock,2026-07-24,put,BRKB260724P00492500,492.5,6.7,6.0,7.3,2.3899999,55.452435,14.0,37.0,0.152901537475586,1,488.3500061035156
2026-07-15,BRK-B,stock,2026-07-24,put,BRKB260724P00495000,495.0,8.45,7.55,9.15,3.12,58.536587,115.0,112.0,0.15888292297363282,1,488.3500061035156
2026-07-15,BRK-B,stock,2026-07-24,put,BRKB260724P00497500,497.5,10.2,9.3,11.1,2.0,24.390244,9.0,60.0,0.16346051391601565,1,488.3500061035156
2026-07-15,BRK-B,stock,2026-07-24,put,BRKB260724P00500000,500.0,11.8,11.4,13.3,5.32,82.09876,27.0,72.0,0.17383638671875,1,488.3500061035156
2026-07-15,BRK-B,stock,2026-07-24,put,BRKB260724P00502500,502.5,14.17,13.45,15.55,4.29,43.42105,3.0,8.0,0.1834798449707031,1,488.3500061035156
2026-07-15,BRK-B,stock,2026-07-24,put,BRKB260724P00505000,505.0,16.65,15.7,17.9,4.75,39.915966,30.0,21.0,0.19556468505859376,1,488.3500061035156
2026-07-15,BRK-B,stock,2026-07-24,put,BRKB260724P00510000,510.0,18.5,20.1,22.7,1.0,5.714286,2.0,16.0,0.22083298706054685,1,488.3500061035156
2026-07-15,BRK-B,stock,2026-07-24,put,BRKB260724P00515000,515.0,19.85,25.45,27.6,0.0,0.0,1.0,0.0,0.24817646362304688,1,488.3500061035156
2026-07-15,BRK-B,stock,2026-07-24,put,BRKB260724P00520000,520.0,32.43,30.6,32.6,0.0,0.0,,1.0,0.2805247729492187,1,488.3500061035156
2026-07-15,BRK-B,stock,2026-07-24,put,BRKB260724P00525000,525.0,36.23,0.0,0.0,0.0,0.0,5.0,0.0,1.0000000000000003e-05,1,488.3500061035156
2026-07-15,BRK-B,stock,2026-07-24,put,BRKB260724P00530000,530.0,23.68,40.55,42.65,0.0,0.0,,0.0,0.3459538061523437,1,488.3500061035156
2026-07-15,BRK-B,stock,2026-07-24,put,BRKB260724P00540000,540.0,43.63,50.3,52.65,0.0,0.0,3.0,0.0,0.40430283203125,1,488.3500061035156
2026-07-15,BRK-B,stock,2026-07-31,call,BRKB260731C00425000,425.0,65.7,63.45,66.05,-6.6500015,-9.191432,3.0,27.0,0.5227098510742187,1,488.3500061035156
2026-07-15,BRK-B,stock,2026-07-31,call,BRKB260731C00430000,430.0,68.27,58.5,60.75,0.0,0.0,,1.0,0.4738822143554688,1,488.3500061035156
2026-07-15,BRK-B,stock,2026-07-31,call,BRKB260731C00440000,440.0,60.52,48.55,50.65,0.0,0.0,,1.0,0.4046690393066406,1,488.3500061035156
2026-07-15,BRK-B,stock,2026-07-31,call,BRKB260731C00445000,445.0,55.55,43.6,45.65,0.0,0.0,,1.0,0.37256486816406253,1,488.3500061035156
2026-07-15,BRK-B,stock,2026-07-31,call,BRKB260731C00450000,450.0,39.95,38.65,41.1,-7.25,-15.360169,2.0,28.0,0.36035795898437495,1,488.3500061035156
2026-07-15,BRK-B,stock,2026-07-31,call,BRKB260731C00465000,465.0,29.5,24.15,26.5,0.0,0.0,,4.0,0.2715526947021484,1,488.3500061035156
2026-07-15,BRK-B,stock,2026-07-31,call,BRKB260731C00470000,470.0,22.6,19.6,21.9,-2.8099995,-11.058636,4.0,15.0,0.24738301452636718,1,488.3500061035156
2026-07-15,BRK-B,stock,2026-07-31,call,BRKB260731C00475000,475.0,18.97,15.3,17.1,-9.790001,-34.040337,4.0,24.0,0.21393608337402342,1,488.3500061035156
2026-07-15,BRK-B,stock,2026-07-31,call,BRKB260731C00480000,480.0,14.72,11.45,13.3,-8.2300005,-35.86057,6.0,23.0,0.20337710693359373,1,488.3500061035156
2026-07-15,BRK-B,stock,2026-07-31,call,BRKB260731C00485000,485.0,9.7,8.1,9.7,-4.7,-32.63889,3.0,166.0,0.18882036773681643,1,488.3500061035156
2026-07-15,BRK-B,stock,2026-07-31,call,BRKB260731C00490000,490.0,6.4,4.45,7.5,-5.1,-44.347828,6.0,74.0,0.19702951416015624,0,488.3500061035156
2026-07-15,BRK-B,stock,2026-07-31,call,BRKB260731C00495000,495.0,4.17,3.0,5.0,-1.8299999,-30.5,9.0,112.0,0.1862263995361328,0,488.3500061035156
2026-07-15,BRK-B,stock,2026-07-31,call,BRKB260731C00500000,500.0,2.4,1.5,3.1,-1.5999999,-39.999996,32.0,382.0,0.1771322521972656,0,488.3500061035156
2026-07-15,BRK-B,stock,2026-07-31,call,BRKB260731C00505000,505.0,1.51,0.95,1.75,-1.1600001,-43.445694,56.0,649.0,0.16877051940917973,0,488.3500061035156
2026-07-15,BRK-B,stock,2026-07-31,call,BRKB260731C00510000,510.0,0.81,0.57,1.2,-0.45,-35.714287,32.0,429.0,0.17615569946289064,0,488.3500061035156
2026-07-15,BRK-B,stock,2026-07-31,call,BRKB260731C00515000,515.0,0.62,0.35,0.91,-0.18,-22.5,23.0,390.0,0.18811847045898436,0,488.3500061035156
2026-07-15,BRK-B,stock,2026-07-31,call,BRKB260731C00520000,520.0,0.33,0.16,0.59,-0.16,-32.65306,17.0,632.0,0.19190261230468753,0,488.3500061035156
2026-07-15,BRK-B,stock,2026-07-31,call,BRKB260731C00525000,525.0,0.23,0.1,0.33,-0.08999999,-28.124998,14.0,529.0,0.19068192138671874,0,488.3500061035156
2026-07-15,BRK-B,stock,2026-07-31,call,BRKB260731C00530000,530.0,0.14,0.02,0.25,-0.08,-36.363636,11.0,122.0,0.20069158691406247,0,488.3500061035156
2026-07-15,BRK-B,stock,2026-07-31,call,BRKB260731C00535000,535.0,0.1,0.0,0.24,-0.050000004,-33.333336,1.0,41.0,0.2180253979492187,0,488.3500061035156
2026-07-15,BRK-B,stock,2026-07-31,call,BRKB260731C00540000,540.0,0.05,0.0,0.18,-0.13000001,-72.22222,11.0,563.0,0.2260819580078125,0,488.3500061035156
2026-07-15,BRK-B,stock,2026-07-31,call,BRKB260731C00545000,545.0,0.4,0.0,0.36,0.0,0.0,21.0,22.0,0.27173579833984374,0,488.3500061035156
2026-07-15,BRK-B,stock,2026-07-31,call,BRKB260731C00550000,550.0,0.12,0.0,0.34,0.0,0.0,1.0,2.0,0.2873606420898437,0,488.3500061035156
2026-07-15,BRK-B,stock,2026-07-31,call,BRKB260731C00555000,555.0,0.23,0.0,0.34,0.0,0.0,2.0,3.0,0.3051827294921875,0,488.3500061035156
2026-07-15,BRK-B,stock,2026-07-31,call,BRKB260731C00560000,560.0,0.2,0.0,0.37,0.0,0.0,,2.0,0.32739930419921875,0,488.3500061035156
2026-07-15,BRK-B,stock,2026-07-31,call,BRKB260731C00565000,565.0,0.24,0.0,0.18,0.0,0.0,22.0,11.0,0.309577216796875,0,488.3500061035156
2026-07-15,BRK-B,stock,2026-07-31,call,BRKB260731C00575000,575.0,0.03,0.0,0.16,0.0,0.0,2.0,2.0,0.3354558642578125,0,488.3500061035156
2026-07-15,BRK-B,stock,2026-07-31,put,BRKB260731P00270000,270.0,0.05,0.0,0.25,0.0,0.0,1.0,2.0,1.0605515722656251,0,488.3500061035156
2026-07-15,BRK-B,stock,2026-07-31,put,BRKB260731P00280000,280.0,0.05,0.0,0.25,0.0,0.0,4.0,2.0,1.000005,0,488.3500061035156
2026-07-15,BRK-B,stock,2026-07-31,put,BRKB260731P00290000,290.0,0.05,0.0,0.25,0.0,0.0,,27.0,0.9414068359375,0,488.3500061035156
2026-07-15,BRK-B,stock,2026-07-31,put,BRKB260731P00300000,300.0,0.03,0.0,0.25,0.0,0.0,28.0,21.0,0.88476677734375,0,488.3500061035156
2026-07-15,BRK-B,stock,2026-07-31,put,BRKB260731P00310000,310.0,0.08,0.0,0.25,0.0,0.0,7.0,742.0,0.8300798242187499,0,488.3500061035156
2026-07-15,BRK-B,stock,2026-07-31,put,BRKB260731P00320000,320.0,0.02,0.0,0.02,0.0,0.0,22.0,428.0,0.6093789062500001,0,488.3500061035156
2026-07-15,BRK-B,stock,2026-07-31,put,BRKB260731P00330000,330.0,0.01,0.0,0.02,-0.060000002,-85.71429,31.0,628.0,0.570316796875,0,488.3500061035156
2026-07-15,BRK-B,stock,2026-07-31,put,BRKB260731P00340000,340.0,0.03,0.0,0.04,-0.04,-57.142857,3.0,255.0,0.5625043750000001,0,488.3500061035156
2026-07-15,BRK-B,stock,2026-07-31,put,BRKB260731P00350000,350.0,0.09,0.0,0.19,0.060000002,199.99998,22.0,331.0,0.6074258007812501,0,488.3500061035156
2026-07-15,BRK-B,stock,2026-07-31,put,BRKB260731P00355000,355.0,0.08,0.0,0.35,0.049999997,166.66664,4.0,126.0,0.6274451318359376,0,488.3500061035156
2026-07-15,BRK-B,stock,2026-07-31,put,BRKB260731P00360000,360.0,0.09,0.0,0.3,0.07000001,350.00012,6.0,80.0,0.5918009570312501,0,488.3500061035156
2026-07-15,BRK-B,stock,2026-07-31,put,BRKB260731P00365000,365.0,0.05,0.0,0.17,0.0,0.0,46.0,192.0,0.5312546875,0,488.3500061035156
2026-07-15,BRK-B,stock,2026-07-31,put,BRKB260731P00370000,370.0,0.08,0.01,0.38,0.009999998,14.285711,20.0,21.0,0.5620160986328125,0,488.3500061035156
2026-07-15,BRK-B,stock,2026-07-31,put,BRKB260731P00375000,375.0,0.08,0.01,0.25,-0.030000001,-27.272728,14.0,52.0,0.5107470800781251,0,488.3500061035156
2026-07-15,BRK-B,stock,2026-07-31,put,BRKB260731P00380000,380.0,0.13,0.0,0.43,0.0,0.0,,2.0,0.5205126074218749,0,488.3500061035156
2026-07-15,BRK-B,stock,2026-07-31,put,BRKB260731P00390000,390.0,0.13,0.0,1.46,0.0,0.0,,2.0,0.5725140405273439,0,488.3500061035156
2026-07-15,BRK-B,stock,2026-07-31,put,BRKB260731P00395000,395.0,0.12,0.01,0.46,-0.020000003,-14.285716,1.0,1.0,0.5036670727539063,0,488.3500061035156
2026-07-15,BRK-B,stock,2026-07-31,put,BRKB260731P00400000,400.0,0.17,0.0,0.8,0.030000001,21.428572,53.0,2.0,0.5266160620117188,0,488.3500061035156
2026-07-15,BRK-B,stock,2026-07-31,put,BRKB260731P00405000,405.0,0.37,0.01,1.24,0.0,0.0,,2.0,0.545048494873047,0,488.3500061035156
2026-07-15,BRK-B,stock,2026-07-31,put,BRKB260731P00410000,410.0,0.4,0.0,0.92,0.0,0.0,1.0,1.0,0.48511257080078124,0,488.3500061035156
2026-07-15,BRK-B,stock,2026-07-31,put,BRKB260731P00420000,420.0,0.15,0.0,0.3,0.0,0.0,1.0,3.0,0.35108070800781244,0,488.3500061035156
2026-07-15,BRK-B,stock,2026-07-31,put,BRKB260731P00425000,425.0,0.19,0.0,2.33,0.0,0.0,2.0,10.0,0.502080174560547,0,488.3500061035156
2026-07-15,BRK-B,stock,2026-07-31,put,BRKB260731P00430000,430.0,0.2,0.0,1.6,0.0,0.0,1.0,4.0,0.42615319946289065,0,488.3500061035156
2026-07-15,BRK-B,stock,2026-07-31,put,BRKB260731P00435000,435.0,0.18,0.11,0.58,-0.42000002,-70.0,1.0,6.0,0.31604687866210934,0,488.3500061035156
2026-07-15,BRK-B,stock,2026-07-31,put,BRKB260731P00440000,440.0,0.34,0.19,0.36,0.0,0.0,2.0,15.0,0.26538820556640624,0,488.3500061035156
2026-07-15,BRK-B,stock,2026-07-31,put,BRKB260731P00445000,445.0,0.3,0.01,0.5,-0.049999982,-14.285709,5.0,15.0,0.256843369140625,0,488.3500061035156
2026-07-15,BRK-B,stock,2026-07-31,put,BRKB260731P00450000,450.0,0.26,0.21,0.66,-0.16,-38.095238,28.0,63.0,0.2456130126953125,0,488.3500061035156
2026-07-15,BRK-B,stock,2026-07-31,put,BRKB260731P00455000,455.0,0.37,0.23,0.46,-0.01999998,-5.1282005,2.0,88.0,0.20264469238281246,0,488.3500061035156
2026-07-15,BRK-B,stock,2026-07-31,put,BRKB260731P00460000,460.0,0.55,0.33,0.68,0.04000002,7.843141,14.0,555.0,0.19385571777343752,0,488.3500061035156
2026-07-15,BRK-B,stock,2026-07-31,put,BRKB260731P00465000,465.0,0.7,0.39,0.9,-0.02000004,-2.7777834,17.0,55.0,0.17920742675781248,0,488.3500061035156
2026-07-15,BRK-B,stock,2026-07-31,put,BRKB260731P00470000,470.0,1.15,0.67,1.25,0.110000014,10.576925,47.0,177.0,0.16596293029785159,0,488.3500061035156
2026-07-15,BRK-B,stock,2026-07-31,put,BRKB260731P00475000,475.0,1.54,0.99,2.0,0.32999992,27.27272,37.0,103.0,0.1603477520751953,0,488.3500061035156
2026-07-15,BRK-B,stock,2026-07-31,put,BRKB260731P00480000,480.0,2.8,1.91,4.2,0.8499999,43.589737,72.0,249.0,0.18384605224609374,0,488.3500061035156
2026-07-15,BRK-B,stock,2026-07-31,put,BRKB260731P00485000,485.0,4.5,3.55,4.85,1.5799999,54.10959,82.0,151.0,0.15241326110839848,0,488.3500061035156
2026-07-15,BRK-B,stock,2026-07-31,put,BRKB260731P00490000,490.0,6.4,5.8,7.45,2.0500002,47.126442,40.0,129.0,0.15656361022949222,1,488.3500061035156
2026-07-15,BRK-B,stock,2026-07-31,put,BRKB260731P00495000,495.0,8.77,8.2,10.3,1.9700003,28.970592,13.0,53.0,0.15207757110595704,1,488.3500061035156
2026-07-15,BRK-B,stock,2026-07-31,put,BRKB260731P00500000,500.0,13.19,12.0,14.1,3.1899996,31.899998,1.0,34.0,0.15827257751464846,1,488.3500061035156
2026-07-15,BRK-B,stock,2026-07-31,put,BRKB260731P00505000,505.0,15.59,15.8,18.4,0.69000053,4.630876,1.0,50.0,0.16883155395507815,1,488.3500061035156
2026-07-15,BRK-B,stock,2026-07-31,put,BRKB260731P00510000,510.0,20.43,20.25,23.0,10.96,115.733894,11.0,17.0,0.1828084649658203,1,488.3500061035156
2026-07-15,BRK-B,stock,2026-07-31,put,BRKB260731P00515000,515.0,14.57,25.05,27.75,0.0,0.0,1.0,2.0,0.1981281359863281,1,488.3500061035156
2026-07-15,BRK-B,stock,2026-07-31,put,BRKB260731P00530000,530.0,38.22,40.05,42.65,0.0,0.0,,0.0,0.26538820556640624,1,488.3500061035156
2026-07-15,BRK-B,stock,2026-08-07,call,BRKB260807C00405000,405.0,93.23,83.4,87.25,0.0,0.0,,4.0,0.5090381127929688,1,488.3500061035156
2026-07-15,BRK-B,stock,2026-08-07,call,BRKB260807C00455000,455.0,45.1,34.6,36.55,0.0,0.0,,1.0,0.28992409301757804,1,488.3500061035156
2026-07-15,BRK-B,stock,2026-08-07,call,BRKB260807C00460000,460.0,42.53,29.9,31.8,0.0,0.0,1.0,9.0,0.2678906219482422,1,488.3500061035156
2026-07-15,BRK-B,stock,2026-08-07,call,BRKB260807C00465000,465.0,29.2,25.35,27.45,-4.989998,-14.594905,22.0,2.0,0.2551954364013672,1,488.3500061035156
2026-07-15,BRK-B,stock,2026-08-07,call,BRKB260807C00470000,470.0,31.9,21.05,22.8,0.0,0.0,2.0,11.0,0.23136144622802735,1,488.3500061035156
2026-07-15,BRK-B,stock,2026-08-07,call,BRKB260807C00475000,475.0,25.92,17.05,19.15,0.0,0.0,1.0,7.0,0.2280350634765625,1,488.3500061035156
2026-07-15,BRK-B,stock,2026-08-07,call,BRKB260807C00480000,480.0,15.0,13.45,15.4,-5.5200005,-26.900587,35.0,57.0,0.21625539611816402,1,488.3500061035156
2026-07-15,BRK-B,stock,2026-08-07,call,BRKB260807C00485000,485.0,13.15,10.35,11.95,-4.7700005,-26.618307,24.0,25.0,0.20459779785156246,1,488.3500061035156
2026-07-15,BRK-B,stock,2026-08-07,call,BRKB260807C00490000,490.0,8.28,7.7,9.25,-3.7200003,-31.000002,49.0,29.0,0.20087469055175777,0,488.3500061035156
2026-07-15,BRK-B,stock,2026-08-07,call,BRKB260807C00495000,495.0,9.11,5.4,6.55,0.0,0.0,10.0,31.0,0.18903398864746096,0,488.3500061035156
2026-07-15,BRK-B,stock,2026-08-07,call,BRKB260807C00500000,500.0,4.55,3.6,4.85,-0.9499998,-17.272724,42.0,136.0,0.18927812683105472,0,488.3500061035156
2026-07-15,BRK-B,stock,2026-08-07,call,BRKB260807C00505000,505.0,3.42,2.31,3.4,-0.37999988,-9.999997,24.0,349.0,0.1868367449951172,0,488.3500061035156
2026-07-15,BRK-B,stock,2026-08-07,call,BRKB260807C00510000,510.0,2.33,1.33,2.28,-0.35000014,-13.059707,37.0,182.0,0.1839070867919922,0,488.3500061035156
2026-07-15,BRK-B,stock,2026-08-07,call,BRKB260807C00515000,515.0,1.73,0.9,1.45,-0.07999992,-4.4198856,51.0,437.0,0.18061122131347657,0,488.3500061035156
2026-07-15,BRK-B,stock,2026-08-07,call,BRKB260807C00520000,520.0,0.8,0.63,1.03,-0.47999996,-37.499996,7.0,163.0,0.1848226049804687,0,488.3500061035156
2026-07-15,BRK-B,stock,2026-08-07,call,BRKB260807C00525000,525.0,0.61,0.41,0.75,-0.3,-32.967033,58.0,171.0,0.1901936450195313,0,488.3500061035156
2026-07-15,BRK-B,stock,2026-08-07,call,BRKB260807C00530000,530.0,0.41,0.21,0.57,-0.22,-34.920635,4.0,169.0,0.19702951416015624,0,488.3500061035156
2026-07-15,BRK-B,stock,2026-08-07,call,BRKB260807C00535000,535.0,0.29,0.2,0.46,-0.14000002,-32.558144,31.0,138.0,0.20581848876953124,0,488.3500061035156
2026-07-15,BRK-B,stock,2026-08-07,call,BRKB260807C00540000,540.0,0.25,0.1,0.36,-0.06999999,-21.874998,1.0,34.0,0.21289849609375,0,488.3500061035156
2026-07-15,BRK-B,stock,2026-08-07,call,BRKB260807C00545000,545.0,0.71,0.0,0.31,0.0,0.0,3.0,18.0,0.22290816162109373,0,488.3500061035156
2026-07-15,BRK-B,stock,2026-08-07,call,BRKB260807C00550000,550.0,0.54,0.0,0.54,0.0,0.0,,3.0,0.26233647827148443,0,488.3500061035156
2026-07-15,BRK-B,stock,2026-08-07,call,BRKB260807C00555000,555.0,0.57,0.01,0.32,0.0,0.0,,20.0,0.25440198730468755,0,488.3500061035156
2026-07-15,BRK-B,stock,2026-08-07,call,BRKB260807C00560000,560.0,0.41,0.0,1.17,0.0,0.0,20.0,22.0,0.3421696643066406,0,488.3500061035156
2026-07-15,BRK-B,stock,2026-08-07,call,BRKB260807C00590000,590.0,0.14,0.0,0.26,0.0,0.0,,1.0,0.34180345703125,0,488.3500061035156
2026-07-15,BRK-B,stock,2026-08-07,call,BRKB260807C00625000,625.0,0.11,,0.18,0.0,0.0,,1.0,0.40869731933593745,0,488.3500061035156
2026-07-15,BRK-B,stock,2026-08-07,call,BRKB260807C00630000,630.0,0.11,,2.14,0.0,0.0,,2.0,0.6265906481933594,0,488.3500061035156
2026-07-15,BRK-B,stock,2026-08-07,call,BRKB260807C00635000,635.0,0.1,,2.14,0.0,0.0,,3.0,0.6413610083007812,0,488.3500061035156
2026-07-15,BRK-B,stock,2026-08-07,call,BRKB260807C00640000,640.0,0.1,,2.14,0.0,0.0,,2.0,0.6558872302246095,0,488.3500061035156
2026-07-15,BRK-B,stock,2026-08-07,call,BRKB260807C00645000,645.0,0.1,,2.13,0.0,0.0,,2.0,0.6696810375976563,0,488.3500061035156
2026-07-15,BRK-B,stock,2026-08-07,call,BRKB260807C00650000,650.0,0.1,,2.13,0.0,0.0,,2.0,0.6838410522460938,0,488.3500061035156
2026-07-15,BRK-B,stock,2026-08-07,call,BRKB260807C00655000,655.0,0.12,,2.13,0.0,0.0,,2.0,0.6978789978027344,0,488.3500061035156
2026-07-15,BRK-B,stock,2026-08-07,call,BRKB260807C00675000,675.0,0.1,,2.13,0.0,0.0,,4.0,0.7523218127441407,0,488.3500061035156
2026-07-15,BRK-B,stock,2026-08-07,call,BRKB260807C00685000,685.0,0.1,,2.13,0.0,0.0,,2.0,0.7785666674804688,0,488.3500061035156
2026-07-15,BRK-B,stock,2026-08-07,call,BRKB260807C00690000,690.0,0.12,,0.37,0.0,0.0,,1.0,0.5976602734375001,0,488.3500061035156
2026-07-15,BRK-B,stock,2026-08-07,call,BRKB260807C00700000,700.0,0.1,,2.13,0.0,0.0,,3.0,0.8168963623046874,0,488.3500061035156
2026-07-15,BRK-B,stock,2026-08-07,call,BRKB260807C00710000,710.0,0.1,,0.01,0.0,0.0,,2.0,0.445318046875,0,488.3500061035156
2026-07-15,BRK-B,stock,2026-08-07,put,BRKB260807P00270000,270.0,0.13,0.01,0.25,0.08,160.00002,44.0,13.0,0.8964854101562498,0,488.3500061035156
2026-07-15,BRK-B,stock,2026-08-07,put,BRKB260807P00280000,280.0,0.1,0.0,0.25,-0.029999994,-23.076918,87.0,29.0,0.84179845703125,0,488.3500061035156
2026-07-15,BRK-B,stock,2026-08-07,put,BRKB260807P00290000,290.0,0.1,0.0,0.25,-0.029999994,-23.076918,427.0,246.0,0.7929708203125,0,488.3500061035156
2026-07-15,BRK-B,stock,2026-08-07,put,BRKB260807P00300000,300.0,0.02,0.0,0.03,-0.11,-84.61539,422.0,142.0,0.6093789062500001,0,488.3500061035156
2026-07-15,BRK-B,stock,2026-08-07,put,BRKB260807P00310000,310.0,0.02,0.0,0.03,-0.030000001,-60.0,81.0,116.0,0.570316796875,0,488.3500061035156
2026-07-15,BRK-B,stock,2026-08-07,put,BRKB260807P00320000,320.0,0.07,0.0,0.04,0.0,0.0,12.0,194.0,0.5468795312500001,0,488.3500061035156
2026-07-15,BRK-B,stock,2026-08-07,put,BRKB260807P00330000,330.0,0.03,0.0,0.04,-0.04,-57.142857,1.0,203.0,0.507817421875,0,488.3500061035156
2026-07-15,BRK-B,stock,2026-08-07,put,BRKB260807P00355000,355.0,0.11,0.05,0.29,-0.14,-56.0,8.0,1.0,0.526371923828125,0,488.3500061035156
2026-07-15,BRK-B,stock,2026-08-07,put,BRKB260807P00360000,360.0,0.1,0.05,0.3,-0.15,-60.000004,28.0,1.0,0.5073291455078125,0,488.3500061035156
2026-07-15,BRK-B,stock,2026-08-07,put,BRKB260807P00385000,385.0,0.2,0.01,2.31,0.0,0.0,,2.0,0.5505416040039064,0,488.3500061035156
2026-07-15,BRK-B,stock,2026-08-07,put,BRKB260807P00390000,390.0,0.26,0.0,1.23,0.0,0.0,,1.0,0.5319871020507813,0,488.3500061035156
2026-07-15,BRK-B,stock,2026-08-07,put,BRKB260807P00405000,405.0,0.41,0.0,2.2,0.0,0.0,,16.0,0.5227098510742187,0,488.3500061035156
2026-07-15,BRK-B,stock,2026-08-07,put,BRKB260807P00410000,410.0,0.25,0.0,0.73,0.0,0.0,1.0,2.0,0.39038695556640624,0,488.3500061035156
2026-07-15,BRK-B,stock,2026-08-07,put,BRKB260807P00415000,415.0,0.3,0.0,1.65,-0.049999982,-14.285709,1.0,1.0,0.4373835559082031,0,488.3500061035156
2026-07-15,BRK-B,stock,2026-08-07,put,BRKB260807P00420000,420.0,0.3,0.08,0.75,0.0,0.0,1.0,2.0,0.3474186352539062,0,488.3500061035156
2026-07-15,BRK-B,stock,2026-08-07,put,BRKB260807P00425000,425.0,0.51,0.17,0.73,0.0,0.0,6.0,7.0,0.3232489550781249,0,488.3500061035156
2026-07-15,BRK-B,stock,2026-08-07,put,BRKB260807P00430000,430.0,0.36,0.17,0.75,0.0,0.0,4.0,10.0,0.30249720947265624,0,488.3500061035156
2026-07-15,BRK-B,stock,2026-08-07,put,BRKB260807P00435000,435.0,0.5,0.01,1.01,0.0,0.0,1.0,10.0,0.29871306762695304,0,488.3500061035156
2026-07-15,BRK-B,stock,2026-08-07,put,BRKB260807P00440000,440.0,0.44,0.27,0.74,0.0,0.0,20.0,38.0,0.2569654382324219,0,488.3500061035156
2026-07-15,BRK-B,stock,2026-08-07,put,BRKB260807P00445000,445.0,0.7,0.36,0.98,0.0,0.0,1.0,26.0,0.2500075,0,488.3500061035156
2026-07-15,BRK-B,stock,2026-08-07,put,BRKB260807P00450000,450.0,0.7,0.48,0.94,0.110000014,18.644072,3.0,114.0,0.22425092163085933,0,488.3500061035156
2026-07-15,BRK-B,stock,2026-08-07,put,BRKB260807P00455000,455.0,0.8,0.69,1.18,0.0,0.0,6.0,110.0,0.21277642700195312,0,488.3500061035156
2026-07-15,BRK-B,stock,2026-08-07,put,BRKB260807P00460000,460.0,1.25,0.93,1.44,0.01999998,1.6260147,15.0,91.0,0.19916572326660154,0,488.3500061035156
2026-07-15,BRK-B,stock,2026-08-07,put,BRKB260807P00465000,465.0,1.48,1.32,1.8,0.30000007,25.423737,31.0,86.0,0.18610433044433594,0,488.3500061035156
2026-07-15,BRK-B,stock,2026-08-07,put,BRKB260807P00470000,470.0,2.09,1.84,2.41,0.2299999,12.365586,30.0,149.0,0.17682707946777343,0,488.3500061035156
2026-07-15,BRK-B,stock,2026-08-07,put,BRKB260807P00475000,475.0,3.0,2.76,3.6,0.70000005,30.434786,15.0,155.0,0.17646087219238282,0,488.3500061035156
2026-07-15,BRK-B,stock,2026-08-07,put,BRKB260807P00480000,480.0,4.48,4.1,5.0,0.8800001,24.444448,14.0,120.0,0.17231052307128908,0,488.3500061035156
2026-07-15,BRK-B,stock,2026-08-07,put,BRKB260807P00485000,485.0,6.7,5.75,6.8,2.6999998,67.49999,52.0,87.0,0.1681296566772461,0,488.3500061035156
2026-07-15,BRK-B,stock,2026-08-07,put,BRKB260807P00490000,490.0,8.0,7.85,9.15,1.5900002,24.804995,1.0,101.0,0.16590189575195316,1,488.3500061035156
2026-07-15,BRK-B,stock,2026-08-07,put,BRKB260807P00495000,495.0,9.69,10.55,11.95,0.0,0.0,30.0,88.0,0.16309430664062502,1,488.3500061035156
2026-07-15,BRK-B,stock,2026-08-07,put,BRKB260807P00500000,500.0,12.82,13.6,15.4,0.0,0.0,88.0,135.0,0.16440654937744142,1,488.3500061035156
2026-07-15,BRK-B,stock,2026-08-07,put,BRKB260807P00505000,505.0,14.25,17.25,19.3,0.0,0.0,2.0,22.0,0.16748879394531252,1,488.3500061035156
2026-07-15,BRK-B,stock,2026-08-07,put,BRKB260807P00510000,510.0,17.76,21.35,23.6,0.0,0.0,2.0,14.0,0.1739584558105469,1,488.3500061035156
2026-07-15,BRK-B,stock,2026-08-07,put,BRKB260807P00515000,515.0,23.55,25.45,28.2,11.349999,93.03279,2.0,2.0,0.1844563977050781,1,488.3500061035156
2026-07-15,BRK-B,stock,2026-08-07,put,BRKB260807P00520000,520.0,16.48,30.7,32.9,0.0,0.0,8.0,8.0,0.1947102014160156,1,488.3500061035156
2026-07-15,BRK-B,stock,2026-08-07,put,BRKB260807P00525000,525.0,20.0,34.55,38.3,0.0,0.0,44.0,43.0,0.23279575805664063,1,488.3500061035156
2026-07-15,BRK-B,stock,2026-08-07,put,BRKB260807P00530000,530.0,34.0,39.3,43.25,0.0,0.0,3.0,0.0,0.25189957092285153,1,488.3500061035156
2026-07-15,BRK-B,stock,2026-08-14,call,BRKB260814C00415000,415.0,93.8,73.65,77.9,0.0,0.0,,1.0,0.5071460418701172,1,488.3500061035156
2026-07-15,BRK-B,stock,2026-08-14,call,BRKB260814C00430000,430.0,79.0,59.0,62.9,0.0,0.0,,1.0,0.4270687176513672,1,488.3500061035156
2026-07-15,BRK-B,stock,2026-08-14,call,BRKB260814C00470000,470.0,39.9,21.9,24.1,0.0,0.0,1.0,1.0,0.2316055844116211,1,488.3500061035156
2026-07-15,BRK-B,stock,2026-08-14,call,BRKB260814C00475000,475.0,27.34,17.95,19.8,0.0,0.0,,1.0,0.2135393588256836,1,488.3500061035156
2026-07-15,BRK-B,stock,2026-08-14,call,BRKB260814C00480000,480.0,19.45,14.4,16.25,0.0,0.0,1.0,4.0,0.20606262695312497,1,488.3500061035156
2026-07-15,BRK-B,stock,2026-08-14,call,BRKB260814C00485000,485.0,13.5,11.7,13.05,-1.4499998,-9.698996,17.0,1.0,0.19962348236083982,1,488.3500061035156
2026-07-15,BRK-B,stock,2026-08-14,call,BRKB260814C00490000,490.0,11.05,9.0,10.1,-3.0999994,-21.908123,11.0,19.0,0.19171950866699222,0,488.3500061035156
2026-07-15,BRK-B,stock,2026-08-14,call,BRKB260814C00495000,495.0,8.0,6.3,7.7,-1.0,-11.111111,290.0,24.0,0.1871419177246094,0,488.3500061035156
2026-07-15,BRK-B,stock,2026-08-14,call,BRKB260814C00500000,500.0,5.0,4.4,6.7,-2.1,-29.577463,84.0,29.0,0.2020343469238281,0,488.3500061035156
2026-07-15,BRK-B,stock,2026-08-14,call,BRKB260814C00505000,505.0,3.4,2.97,4.3,-2.0,-37.037037,24.0,29.0,0.18378501770019529,0,488.3500061035156
2026-07-15,BRK-B,stock,2026-08-14,call,BRKB260814C00510000,510.0,3.0,1.81,3.95,-0.3499999,-10.44776,6.0,59.0,0.20218693328857418,0,488.3500061035156
2026-07-15,BRK-B,stock,2026-08-14,call,BRKB260814C00515000,515.0,1.77,1.48,2.62,-0.46000004,-20.627804,23.0,174.0,0.19330640686035155,0,488.3500061035156
2026-07-15,BRK-B,stock,2026-08-14,call,BRKB260814C00520000,520.0,1.15,0.74,1.5,-0.45000005,-28.125002,11.0,308.0,0.18030604858398439,0,488.3500061035156
2026-07-15,BRK-B,stock,2026-08-14,call,BRKB260814C00525000,525.0,1.02,0.48,1.03,-0.30000007,-22.727278,2.0,119.0,0.1804891522216797,0,488.3500061035156
2026-07-15,BRK-B,stock,2026-08-14,call,BRKB260814C00530000,530.0,0.56,0.3,0.8,-0.73999995,-56.923073,6.0,8.0,0.186531572265625,0,488.3500061035156
2026-07-15,BRK-B,stock,2026-08-14,call,BRKB260814C00535000,535.0,0.57,0.2,0.45,0.0,0.0,1.0,10.0,0.18030604858398439,0,488.3500061035156
2026-07-15,BRK-B,stock,2026-08-14,call,BRKB260814C00545000,545.0,1.0,0.12,0.42,0.0,0.0,,2.0,0.2067950415039062,0,488.3500061035156
2026-07-15,BRK-B,stock,2026-08-14,call,BRKB260814C00550000,550.0,0.41,0.0,0.45,0.0,0.0,1.0,2.0,0.22339643798828124,0,488.3500061035156
2026-07-15,BRK-B,stock,2026-08-14,call,BRKB260814C00555000,555.0,0.35,0.0,2.29,0.0,0.0,,4.0,0.3360662097167969,0,488.3500061035156
2026-07-15,BRK-B,stock,2026-08-14,call,BRKB260814C00635000,635.0,0.12,0.0,0.21,0.0,0.0,,2.0,0.38672488281249995,0,488.3500061035156
2026-07-15,BRK-B,stock,2026-08-14,call,BRKB260814C00640000,640.0,0.12,,0.28,0.0,0.0,,10.0,0.4116269775390625,0,488.3500061035156
2026-07-15,BRK-B,stock,2026-08-14,call,BRKB260814C00645000,645.0,0.12,0.0,2.14,0.0,0.0,4.0,17.0,0.5169726037597657,0,488.3500061035156
2026-07-15,BRK-B,stock,2026-08-14,call,BRKB260814C00650000,650.0,0.12,0.0,2.14,0.0,0.0,1.0,11.0,0.528447098388672,0,488.3500061035156
2026-07-15,BRK-B,stock,2026-08-14,call,BRKB260814C00655000,655.0,0.12,0.0,2.14,0.0,0.0,2.0,44.0,0.5397995239257813,0,488.3500061035156
2026-07-15,BRK-B,stock,2026-08-14,call,BRKB260814C00660000,660.0,0.05,0.0,2.14,0.0,0.0,,28.0,0.5510298803710938,0,488.3500061035156
2026-07-15,BRK-B,stock,2026-08-14,call,BRKB260814C00665000,665.0,0.11,,2.14,0.0,0.0,,49.0,0.6389196264648438,0,488.3500061035156
2026-07-15,BRK-B,stock,2026-08-14,call,BRKB260814C00670000,670.0,0.03,,2.14,0.0,0.0,,22.0,0.6507603283691408,0,488.3500061035156
2026-07-15,BRK-B,stock,2026-08-14,call,BRKB260814C00675000,675.0,0.11,,2.13,0.0,0.0,,41.0,0.6619906848144532,0,488.3500061035156
2026-07-15,BRK-B,stock,2026-08-14,call,BRKB260814C00690000,690.0,0.11,,2.13,0.0,0.0,,3.0,0.696414168701172,0,488.3500061035156
2026-07-15,BRK-B,stock,2026-08-14,call,BRKB260814C00700000,700.0,0.11,0.0,2.13,0.0,0.0,,3.0,0.6357458300781251,0,488.3500061035156
2026-07-15,BRK-B,stock,2026-08-14,put,BRKB260814P00270000,270.0,0.12,0.0,2.16,0.0,0.0,10.0,132.0,1.0459032080078128,0,488.3500061035156
2026-07-15,BRK-B,stock,2026-08-14,put,BRKB260814P00280000,280.0,0.14,0.0,2.17,0.0,0.0,,2.0,0.9897461962890625,0,488.3500061035156
2026-07-15,BRK-B,stock,2026-08-14,put,BRKB260814P00290000,290.0,0.07,0.0,0.44,0.0,0.0,,9.0,0.7446314599609375,0,488.3500061035156
2026-07-15,BRK-B,stock,2026-08-14,put,BRKB260814P00300000,300.0,0.08,0.0,1.29,0.0,0.0,,2.0,0.8105487695312499,0,488.3500061035156
2026-07-15,BRK-B,stock,2026-08-14,put,BRKB260814P00310000,310.0,0.08,0.0,2.21,0.0,0.0,,5.0,0.8315446533203124,0,488.3500061035156
2026-07-15,BRK-B,stock,2026-08-14,put,BRKB260814P00340000,340.0,0.17,0.0,0.77,0.0,0.0,,2.0,0.5778850805664062,0,488.3500061035156
2026-07-15,BRK-B,stock,2026-08-14,put,BRKB260814P00365000,365.0,0.2,0.01,0.25,0.0,0.0,,1.0,0.44873598144531246,0,488.3500061035156
2026-07-15,BRK-B,stock,2026-08-14,put,BRKB260814P00410000,410.0,0.33,0.14,1.13,0.04000002,13.793111,1.0,26.0,0.3746400427246094,0,488.3500061035156
2026-07-15,BRK-B,stock,2026-08-14,put,BRKB260814P00420000,420.0,0.41,0.2,0.82,0.0,0.0,,8.0,0.3110420458984374,0,488.3500061035156
2026-07-15,BRK-B,stock,2026-08-14,put,BRKB260814P00425000,425.0,0.42,0.23,0.97,0.0,0.0,2.0,83.0,0.3013985876464844,0,488.3500061035156
2026-07-15,BRK-B,stock,2026-08-14,put,BRKB260814P00430000,430.0,0.56,0.28,1.09,0.0,0.0,7.0,12.0,0.2882151257324218,0,488.3500061035156
2026-07-15,BRK-B,stock,2026-08-14,put,BRKB260814P00435000,435.0,0.49,0.33,0.95,0.0,0.0,5.0,12.0,0.25928475097656256,0,488.3500061035156
2026-07-15,BRK-B,stock,2026-08-14,put,BRKB260814P00440000,440.0,0.65,0.4,0.86,0.01999998,3.1746001,76.0,1.0,0.23365024169921872,0,488.3500061035156
2026-07-15,BRK-B,stock,2026-08-14,put,BRKB260814P00445000,445.0,0.76,0.5,0.98,0.32,72.72727,20.0,74.0,0.2199785034179687,0,488.3500061035156
2026-07-15,BRK-B,stock,2026-08-14,put,BRKB260814P00450000,450.0,0.91,0.66,1.16,0.01000005,1.1111166,1.0,29.0,0.20783262878417966,0,488.3500061035156
2026-07-15,BRK-B,stock,2026-08-14,put,BRKB260814P00455000,455.0,1.08,0.92,1.35,-0.16999996,-13.599997,9.0,12.0,0.19422192504882813,0,488.3500061035156
2026-07-15,BRK-B,stock,2026-08-14,put,BRKB260814P00460000,460.0,1.64,1.11,1.85,0.27999997,20.588232,5.0,38.0,0.18927812683105472,0,488.3500061035156
2026-07-15,BRK-B,stock,2026-08-14,put,BRKB260814P00465000,465.0,2.12,1.56,2.48,0.3499999,19.774008,67.0,52.0,0.18341881042480468,0,488.3500061035156
2026-07-15,BRK-B,stock,2026-08-14,put,BRKB260814P00470000,470.0,2.55,2.43,3.3,0.15999985,6.694554,16.0,55.0,0.1774374249267578,0,488.3500061035156
2026-07-15,BRK-B,stock,2026-08-14,put,BRKB260814P00475000,475.0,3.53,2.62,4.45,0.53,17.666666,7.0,83.0,0.17322604125976562,0,488.3500061035156
2026-07-15,BRK-B,stock,2026-08-14,put,BRKB260814P00480000,480.0,5.25,3.9,5.95,1.0500002,25.000006,15.0,53.0,0.16968603759765627,0,488.3500061035156
2026-07-15,BRK-B,stock,2026-08-14,put,BRKB260814P00485000,485.0,7.11,6.7,7.7,1.81,34.150944,13.0,24.0,0.16404034210205082,0,488.3500061035156
2026-07-15,BRK-B,stock,2026-08-14,put,BRKB260814P00490000,490.0,9.0,7.4,9.9,1.5,20.0,38.0,12.0,0.159188095703125,1,488.3500061035156
2026-07-15,BRK-B,stock,2026-08-14,put,BRKB260814P00495000,495.0,11.15,11.15,12.7,0.5799999,5.4872274,2.0,53.0,0.1572655075073242,1,488.3500061035156
2026-07-15,BRK-B,stock,2026-08-14,put,BRKB260814P00500000,500.0,14.18,13.95,16.0,4.1800003,41.800003,1.0,3.0,0.15674671386718753,1,488.3500061035156
2026-07-15,BRK-B,stock,2026-08-14,put,BRKB260814P00505000,505.0,9.3,17.6,19.7,0.0,0.0,3.0,3.0,0.15662464477539065,1,488.3500061035156
2026-07-15,BRK-B,stock,2026-08-14,put,BRKB260814P00510000,510.0,11.55,21.6,23.7,0.0,0.0,,5.0,0.15580067840576173,1,488.3500061035156
2026-07-15,BRK-B,stock,2026-08-14,put,BRKB260814P00515000,515.0,14.6,25.95,28.05,0.0,0.0,,1.0,0.1573570593261719,1,488.3500061035156
2026-07-15,BRK-B,stock,2026-08-14,put,BRKB260814P00530000,530.0,25.08,39.3,43.55,0.0,0.0,,1.0,0.23255161987304687,1,488.3500061035156
2026-07-15,BRK-B,stock,2026-08-21,call,BRKB260821C00300000,300.0,207.04,188.55,191.65,0.0,0.0,3.0,2.0,0.866212275390625,1,488.3500061035156
2026-07-15,BRK-B,stock,2026-08-21,call,BRKB260821C00320000,320.0,149.56,168.3,172.0,0.0,0.0,,1.0,0.77148666015625,1,488.3500061035156
2026-07-15,BRK-B,stock,2026-08-21,call,BRKB260821C00330000,330.0,153.25,0.0,0.0,0.0,0.0,,0.0,1.0000000000000003e-05,1,488.3500061035156
2026-07-15,BRK-B,stock,2026-08-21,call,BRKB260821C00340000,340.0,159.52,148.85,152.4,0.0,0.0,1.0,1.0,0.7108183215332031,1,488.3500061035156
2026-07-15,BRK-B,stock,2026-08-21,call,BRKB260821C00350000,350.0,157.63,139.4,142.5,0.0,0.0,1.0,2.0,0.6834748449707033,1,488.3500061035156
2026-07-15,BRK-B,stock,2026-08-21,call,BRKB260821C00360000,360.0,147.66,129.5,132.5,0.0,0.0,1.0,2.0,0.6389196264648438,1,488.3500061035156
2026-07-15,BRK-B,stock,2026-08-21,call,BRKB260821C00370000,370.0,124.54,119.55,122.65,0.0,0.0,1.0,63.0,0.5976602734375001,1,488.3500061035156
2026-07-15,BRK-B,stock,2026-08-21,call,BRKB260821C00385000,385.0,106.69,104.7,107.85,0.0,0.0,,1.0,0.5371140039062501,1,488.3500061035156
2026-07-15,BRK-B,stock,2026-08-21,call,BRKB260821C00400000,400.0,99.76,89.1,93.0,0.0,0.0,5.0,63.0,0.5342453802490235,1,488.3500061035156
2026-07-15,BRK-B,stock,2026-08-21,call,BRKB260821C00405000,405.0,91.89,84.2,88.05,0.0,0.0,,1.0,0.5114794946289063,1,488.3500061035156
2026-07-15,BRK-B,stock,2026-08-21,call,BRKB260821C00410000,410.0,87.35,79.9,82.25,0.0,0.0,1.0,43.0,0.4602715106201172,1,488.3500061035156
2026-07-15,BRK-B,stock,2026-08-21,call,BRKB260821C00415000,415.0,78.49,75.05,77.2,0.0,0.0,2.0,3.0,0.435125277709961,1,488.3500061035156
2026-07-15,BRK-B,stock,2026-08-21,call,BRKB260821C00420000,420.0,72.0,70.1,72.35,-3.0,-4.0,1.0,61.0,0.41663181030273433,1,488.3500061035156
2026-07-15,BRK-B,stock,2026-08-21,call,BRKB260821C00425000,425.0,63.1,65.15,67.45,0.0,0.0,1.0,2.0,0.3961852374267578,1,488.3500061035156
2026-07-15,BRK-B,stock,2026-08-21,call,BRKB260821C00430000,430.0,67.0,60.25,62.25,0.0,0.0,1.0,784.0,0.3665834826660156,1,488.3500061035156
2026-07-15,BRK-B,stock,2026-08-21,call,BRKB260821C00435000,435.0,57.57,55.35,57.5,0.0,0.0,1.0,19.0,0.35034829345703117,1,488.3500061035156
2026-07-15,BRK-B,stock,2026-08-21,call,BRKB260821C00440000,440.0,57.5,50.5,52.2,0.0,0.0,4.0,221.0,0.31818308776855464,1,488.3500061035156
2026-07-15,BRK-B,stock,2026-08-21,call,BRKB260821C00445000,445.0,57.88,45.65,47.4,0.0,0.0,1.0,2.0,0.2999337585449219,1,488.3500061035156
2026-07-15,BRK-B,stock,2026-08-21,call,BRKB260821C00450000,450.0,58.65,40.9,42.65,0.0,0.0,35.0,372.0,0.2821421884155273,1,488.3500061035156
2026-07-15,BRK-B,stock,2026-08-21,call,BRKB260821C00455000,455.0,31.91,0.0,0.0,0.0,0.0,20.0,0.0,1.0000000000000003e-05,1,488.3500061035156
2026-07-15,BRK-B,stock,2026-08-21,call,BRKB260821C00460000,460.0,32.02,31.7,33.9,-4.1100006,-11.375589,2.0,87.0,0.2598035446166992,1,488.3500061035156
2026-07-15,BRK-B,stock,2026-08-21,call,BRKB260821C00465000,465.0,36.5,27.3,29.25,0.0,0.0,1.0,68.0,0.2399978344726562,1,488.3500061035156
2026-07-15,BRK-B,stock,2026-08-21,call,BRKB260821C00470000,470.0,24.9,23.15,25.3,-7.1499996,-22.308891,32.0,105.0,0.23169713623046873,1,488.3500061035156
2026-07-15,BRK-B,stock,2026-08-21,call,BRKB260821C00475000,475.0,22.21,19.2,21.3,-6.34,-22.206656,2.0,293.0,0.21927660614013672,1,488.3500061035156
2026-07-15,BRK-B,stock,2026-08-21,call,BRKB260821C00480000,480.0,17.8,15.7,17.4,-1.8299999,-9.322466,5.0,167.0,0.20526917785644527,1,488.3500061035156
2026-07-15,BRK-B,stock,2026-08-21,call,BRKB260821C00485000,485.0,14.4,12.65,13.95,-2.4899998,-14.74245,37.0,688.0,0.19477123596191404,1,488.3500061035156
2026-07-15,BRK-B,stock,2026-08-21,call,BRKB260821C00490000,490.0,10.32,9.95,11.05,-3.38,-24.671534,92.0,629.0,0.1883015740966797,0,488.3500061035156
2026-07-15,BRK-B,stock,2026-08-21,call,BRKB260821C00495000,495.0,7.76,7.55,8.55,-2.1399994,-21.616156,80.0,488.0,0.1828389822387695,0,488.3500061035156
2026-07-15,BRK-B,stock,2026-08-21,call,BRKB260821C00500000,500.0,6.08,5.55,6.55,-1.4500003,-19.256311,73.0,5654.0,0.17990932403564452,0,488.3500061035156
2026-07-15,BRK-B,stock,2026-08-21,call,BRKB260821C00505000,505.0,4.98,4.0,4.8,-0.5700002,-10.270272,42.0,823.0,0.17539276763916017,0,488.3500061035156
2026-07-15,BRK-B,stock,2026-08-21,call,BRKB260821C00510000,510.0,3.2,3.0,3.6,-1.4300001,-30.885529,114.0,1376.0,0.17539276763916017,0,488.3500061035156
2026-07-15,BRK-B,stock,2026-08-21,call,BRKB260821C00515000,515.0,2.3,1.94,2.47,-0.70000005,-23.333336,110.0,2303.0,0.17093724578857422,0,488.3500061035156
2026-07-15,BRK-B,stock,2026-08-21,call,BRKB260821C00520000,520.0,1.65,1.5,1.8,-0.7500001,-31.250006,109.0,1835.0,0.17194431579589847,0,488.3500061035156
2026-07-15,BRK-B,stock,2026-08-21,call,BRKB260821C00525000,525.0,1.15,1.0,1.27,-0.5500001,-32.352943,117.0,1099.0,0.17206638488769532,0,488.3500061035156
2026-07-15,BRK-B,stock,2026-08-21,call,BRKB260821C00530000,530.0,0.8,0.79,0.97,-0.35999995,-31.034481,167.0,784.0,0.17615569946289064,0,488.3500061035156
2026-07-15,BRK-B,stock,2026-08-21,call,BRKB260821C00535000,535.0,0.8,0.39,0.7,-0.18,-18.367346,21.0,379.0,0.17798673583984376,0,488.3500061035156
2026-07-15,BRK-B,stock,2026-08-21,call,BRKB260821C00540000,540.0,0.48,0.32,0.6,-0.16,-25.0,17.0,560.0,0.1860432958984375,0,488.3500061035156
2026-07-15,BRK-B,stock,2026-08-21,call,BRKB260821C00545000,545.0,0.33,0.25,0.49,-0.16,-32.65306,7.0,176.0,0.1920246813964844,0,488.3500061035156
2026-07-15,BRK-B,stock,2026-08-21,call,BRKB260821C00550000,550.0,0.28,0.16,0.41,-0.06999999,-19.999998,30.0,228.0,0.19849434326171872,0,488.3500061035156
2026-07-15,BRK-B,stock,2026-08-21,call,BRKB260821C00555000,555.0,0.3,0.1,0.36,0.0,0.0,8.0,66.0,0.20606262695312497,0,488.3500061035156
2026-07-15,BRK-B,stock,2026-08-21,call,BRKB260821C00560000,560.0,0.22,0.1,0.37,0.019999996,9.999997,13.0,159.0,0.21900195068359374,0,488.3500061035156
2026-07-15,BRK-B,stock,2026-08-21,call,BRKB260821C00565000,565.0,0.6,0.1,0.31,0.0,0.0,10.0,66.0,0.22425092163085933,0,488.3500061035156
2026-07-15,BRK-B,stock,2026-08-21,call,BRKB260821C00570000,570.0,0.24,0.0,0.52,0.0,0.0,1.0,90.0,0.2561109545898438,0,488.3500061035156
2026-07-15,BRK-B,stock,2026-08-21,call,BRKB260821C00575000,575.0,0.17,0.01,0.25,0.0,0.0,2.0,114.0,0.2387771435546875,0,488.3500061035156
2026-07-15,BRK-B,stock,2026-08-21,call,BRKB260821C00580000,580.0,0.13,0.01,0.24,0.0,0.0,1.0,105.0,0.24805439453125,0,488.3500061035156
2026-07-15,BRK-B,stock,2026-08-21,call,BRKB260821C00585000,585.0,0.25,0.0,0.23,0.0,0.0,,1.0,0.256843369140625,0,488.3500061035156
2026-07-15,BRK-B,stock,2026-08-21,call,BRKB260821C00590000,590.0,0.24,0.0,0.22,0.0,0.0,,2.0,0.26563234375,0,488.3500061035156
2026-07-15,BRK-B,stock,2026-08-21,call,BRKB260821C00595000,595.0,0.19,0.0,0.26,0.0,0.0,,12.0,0.2819896020507812,0,488.3500061035156
2026-07-15,BRK-B,stock,2026-08-21,call,BRKB260821C00600000,600.0,0.32,0.0,0.2,0.0,0.0,2.0,7.0,0.28174546386718746,0,488.3500061035156
2026-07-15,BRK-B,stock,2026-08-21,call,BRKB260821C00605000,605.0,0.26,0.0,0.19,0.0,0.0,4.0,11.0,0.28955788574218744,0,488.3500061035156
2026-07-15,BRK-B,stock,2026-08-21,call,BRKB260821C00610000,610.0,0.25,0.08,0.6,0.0,0.0,,2.0,0.3532779516601562,0,488.3500061035156
2026-07-15,BRK-B,stock,2026-08-21,call,BRKB260821C00615000,615.0,0.2,0.0,0.24,0.0,0.0,4.0,5.0,0.3178779150390625,0,488.3500061035156
2026-07-15,BRK-B,stock,2026-08-21,call,BRKB260821C00620000,620.0,0.05,0.0,0.24,0.0,0.0,,1.0,0.3276434423828125,0,488.3500061035156
2026-07-15,BRK-B,stock,2026-08-21,call,BRKB260821C00625000,625.0,0.18,0.0,1.18,0.0,0.0,1.0,4.0,0.4317683776855469,0,488.3500061035156
2026-07-15,BRK-B,stock,2026-08-21,call,BRKB260821C00635000,635.0,0.25,0.0,2.15,0.0,0.0,1.0,4.0,0.5101977691650392,0,488.3500061035156
2026-07-15,BRK-B,stock,2026-08-21,call,BRKB260821C00645000,645.0,0.18,0.0,1.17,0.0,0.0,1.0,2.0,0.47437049072265625,0,488.3500061035156
2026-07-15,BRK-B,stock,2026-08-21,call,BRKB260821C00650000,650.0,0.05,0.01,0.03,0.020000001,66.66668,1.0,31.0,0.304694453125,0,488.3500061035156
2026-07-15,BRK-B,stock,2026-08-21,put,BRKB260821P00300000,300.0,0.12,0.0,0.24,0.0,0.0,2.0,249.0,0.5898478515625001,0,488.3500061035156
2026-07-15,BRK-B,stock,2026-08-21,put,BRKB260821P00305000,305.0,0.05,0.0,0.1,0.010000002,25.000004,5.0,38.0,0.5214891601562499,0,488.3500061035156
2026-07-15,BRK-B,stock,2026-08-21,put,BRKB260821P00310000,310.0,0.06,0.0,0.1,-0.040000003,-40.000004,2.0,20.0,0.50586431640625,0,488.3500061035156
2026-07-15,BRK-B,stock,2026-08-21,put,BRKB260821P00315000,315.0,0.05,0.0,0.1,0.0,0.0,21.0,64.0,0.524418818359375,0,488.3500061035156
2026-07-15,BRK-B,stock,2026-08-21,put,BRKB260821P00325000,325.0,0.08,0.0,0.29,0.029999997,59.999996,5.0,60.0,0.5117236328125,0,488.3500061035156
2026-07-15,BRK-B,stock,2026-08-21,put,BRKB260821P00330000,330.0,0.09,0.0,0.25,0.0,0.0,17.0,17.0,0.5283250292968751,0,488.3500061035156
2026-07-15,BRK-B,stock,2026-08-21,put,BRKB260821P00345000,345.0,0.39,0.0,0.77,0.0,0.0,,10.0,0.5034229345703125,0,488.3500061035156
2026-07-15,BRK-B,stock,2026-08-21,put,BRKB260821P00350000,350.0,0.2,0.01,0.25,-0.14999999,-42.85714,1.0,0.0,0.45654840332031255,0,488.3500061035156
2026-07-15,BRK-B,stock,2026-08-21,put,BRKB260821P00355000,355.0,0.55,0.0,0.82,0.0,0.0,,20.0,0.5257615783691407,0,488.3500061035156
2026-07-15,BRK-B,stock,2026-08-21,put,BRKB260821P00360000,360.0,0.2,0.04,0.37,0.0,0.0,2.0,28.0,0.44605046142578125,0,488.3500061035156
2026-07-15,BRK-B,stock,2026-08-21,put,BRKB260821P00365000,365.0,0.36,0.03,0.38,0.0,0.0,1.0,3.0,0.43018147949218755,0,488.3500061035156
2026-07-15,BRK-B,stock,2026-08-21,put,BRKB260821P00370000,370.0,0.21,0.04,0.4,0.0,0.0,10.0,23.0,0.4155331884765625,0,488.3500061035156
2026-07-15,BRK-B,stock,2026-08-21,put,BRKB260821P00375000,375.0,0.25,0.0,0.41,0.0,0.0,33.0,40.0,0.39942006835937505,0,488.3500061035156
2026-07-15,BRK-B,stock,2026-08-21,put,BRKB260821P00380000,380.0,0.25,0.07,0.43,0.0,0.0,1.0,23.0,0.3850159155273437,0,488.3500061035156
2026-07-15,BRK-B,stock,2026-08-21,put,BRKB260821P00385000,385.0,0.3,0.14,0.45,-0.030000001,-9.090909,3.0,13.0,0.370123486328125,0,488.3500061035156
2026-07-15,BRK-B,stock,2026-08-21,put,BRKB260821P00390000,390.0,0.27,0.17,0.47,0.0,0.0,2.0,18.0,0.3552310571289062,0,488.3500061035156
2026-07-15,BRK-B,stock,2026-08-21,put,BRKB260821P00395000,395.0,0.4,0.2,0.49,0.0,0.0,2.0,9.0,0.3403386279296875,0,488.3500061035156
2026-07-15,BRK-B,stock,2026-08-21,put,BRKB260821P00400000,400.0,0.42,0.23,0.52,0.06999999,19.999998,12.0,135.0,0.32642275146484373,0,488.3500061035156
2026-07-15,BRK-B,stock,2026-08-21,put,BRKB260821P00405000,405.0,0.38,0.26,0.55,0.0,0.0,2.0,44.0,0.31201859863281245,0,488.3500061035156
2026-07-15,BRK-B,stock,2026-08-21,put,BRKB260821P00410000,410.0,0.47,0.28,0.58,0.0,0.0,1.0,236.0,0.29761444580078117,0,488.3500061035156
2026-07-15,BRK-B,stock,2026-08-21,put,BRKB260821P00415000,415.0,0.45,0.33,0.62,0.0,0.0,2.0,38.0,0.28357650024414055,0,488.3500061035156
2026-07-15,BRK-B,stock,2026-08-21,put,BRKB260821P00420000,420.0,0.48,0.37,0.87,0.0,0.0,2.0,141.0,0.2843089147949218,0,488.3500061035156
2026-07-15,BRK-B,stock,2026-08-21,put,BRKB260821P00425000,425.0,0.42,0.42,0.73,-0.13000003,-23.636368,16.0,139.0,0.256843369140625,0,488.3500061035156
2026-07-15,BRK-B,stock,2026-08-21,put,BRKB260821P00430000,430.0,0.66,0.49,0.8,0.030000031,4.7619095,1.0,186.0,0.2436599072265625,0,488.3500061035156
2026-07-15,BRK-B,stock,2026-08-21,put,BRKB260821P00435000,435.0,0.71,0.57,0.84,0.00999999,1.42857,2.0,235.0,0.2280350634765625,0,488.3500061035156
2026-07-15,BRK-B,stock,2026-08-21,put,BRKB260821P00440000,440.0,0.79,0.69,0.94,0.030000031,3.9473724,29.0,453.0,0.21521780883789063,0,488.3500061035156
2026-07-15,BRK-B,stock,2026-08-21,put,BRKB260821P00445000,445.0,1.02,0.93,1.27,0.13,14.606742,10.0,400.0,0.21167780517578122,0,488.3500061035156
2026-07-15,BRK-B,stock,2026-08-21,put,BRKB260821P00450000,450.0,1.25,1.15,1.5,-0.100000024,-7.4074087,16.0,1033.0,0.20093572509765623,0,488.3500061035156
2026-07-15,BRK-B,stock,2026-08-21,put,BRKB260821P00455000,455.0,1.45,1.36,1.79,0.19000006,15.07937,2.0,648.0,0.19031571411132814,0,488.3500061035156
2026-07-15,BRK-B,stock,2026-08-21,put,BRKB260821P00460000,460.0,2.05,1.7,2.44,0.28999996,16.47727,244.0,966.0,0.187508125,0,488.3500061035156
2026-07-15,BRK-B,stock,2026-08-21,put,BRKB260821P00465000,465.0,2.61,2.41,2.95,0.6299999,31.818176,12.0,548.0,0.17701018310546873,0,488.3500061035156
2026-07-15,BRK-B,stock,2026-08-21,put,BRKB260821P00470000,470.0,3.55,3.25,3.8,0.39999986,12.698407,86.0,1390.0,0.17075414215087892,0,488.3500061035156
2026-07-15,BRK-B,stock,2026-08-21,put,BRKB260821P00475000,475.0,4.75,4.25,4.9,1.1199999,30.853989,45.0,574.0,0.1648643084716797,0,488.3500061035156
2026-07-15,BRK-B,stock,2026-08-21,put,BRKB260821P00480000,480.0,6.0,5.65,6.4,0.9000001,17.64706,39.0,2933.0,0.1609275802612305,0,488.3500061035156
2026-07-15,BRK-B,stock,2026-08-21,put,BRKB260821P00485000,485.0,8.0,7.3,8.35,1.0,14.285714,37.0,1428.0,0.15863878479003907,0,488.3500061035156
2026-07-15,BRK-B,stock,2026-08-21,put,BRKB260821P00490000,490.0,10.4,9.4,10.5,2.0499992,24.550888,49.0,443.0,0.15335929656982422,1,488.3500061035156
2026-07-15,BRK-B,stock,2026-08-21,put,BRKB260821P00495000,495.0,11.65,11.95,13.4,1.2399998,11.911621,49.0,354.0,0.15357291748046875,1,488.3500061035156
2026-07-15,BRK-B,stock,2026-08-21,put,BRKB260821P00500000,500.0,14.65,14.9,16.55,2.2999992,18.623474,45.0,251.0,0.15137567382812503,1,488.3500061035156
2026-07-15,BRK-B,stock,2026-08-21,put,BRKB260821P00505000,505.0,19.1,18.35,20.3,3.6000004,23.22581,10.0,138.0,0.15351188293457033,1,488.3500061035156
2026-07-15,BRK-B,stock,2026-08-21,put,BRKB260821P00510000,510.0,17.35,22.3,24.25,0.0,0.0,2.0,73.0,0.15375602111816405,1,488.3500061035156
2026-07-15,BRK-B,stock,2026-08-21,put,BRKB260821P00515000,515.0,27.3,26.25,28.65,5.0,22.421526,5.0,73.0,0.15906602661132813,1,488.3500061035156
2026-07-15,BRK-B,stock,2026-08-21,put,BRKB260821P00520000,520.0,31.25,30.7,33.2,4.799999,18.147446,3.0,41.0,0.1645591357421875,1,488.3500061035156
2026-07-15,BRK-B,stock,2026-08-21,put,BRKB260821P00525000,525.0,30.0,35.75,37.9,0.0,0.0,3.0,47.0,0.17151707397460939,1,488.3500061035156
2026-07-15,BRK-B,stock,2026-08-21,put,BRKB260821P00530000,530.0,41.17,39.7,43.3,19.779999,92.473114,2.0,22.0,0.20191227783203125,1,488.3500061035156
2026-07-15,BRK-B,stock,2026-08-21,put,BRKB260821P00535000,535.0,48.77,36.05,38.7,0.0,0.0,4.0,0.0,1.0000000000000003e-05,1,488.3500061035156
2026-07-15,BRK-B,stock,2026-08-21,put,BRKB260821P00550000,550.0,51.77,59.35,63.25,0.0,0.0,22.0,0.0,0.2628857891845704,1,488.3500061035156
2026-07-15,BRK-B,stock,2026-08-21,put,BRKB260821P00580000,580.0,68.0,89.25,93.4,0.0,0.0,,,0.3540103662109374,1,488.3500061035156
